sku,product_name,category,supplier,stock_quantity,sales_speed_per_day,expiry_date,warehouse_location,price_rub,reorder_point
QAH-000001,Моющее средство B-518,Бытовая химия,ИП Иванов,754,0.1,2028-08-26,Ряд 19-Стеллаж 28,1637.54,0
POS-000002,Детектив C-285,Книги,ООО 'ОптТорг',429,0.1,NULL,Ряд 1-Стеллаж 49,40300.67,2
EYI-000003,Футболка Lite-301,Одежда,АО 'РегионСнаб',99,0.5,2028-05-28,Ряд 15-Стеллаж 35,6285.07,9
VQW-000004,Свеча C-465,Товары для дома,Группа 'Мегаполис',721,0.1,NULL,Ряд 10-Стеллаж 6,42773.12,1
QJJ-000005,Шампунь C-948,Бытовая химия,ЗАО 'СкладСервис',273,1.0,2029-02-14,Ряд 18-Стеллаж 47,12278.31,21
QOR-000006,Ноутбук Max-512,Электроника,Группа 'Мегаполис',841,0.1,2028-07-14,Ряд 7-Стеллаж 37,43824.56,1
KXL-000007,Тушь B-142,Косметика,ИП Иванов,252,1.0,NULL,Ряд 19-Стеллаж 28,44896.25,19
NCB-000008,Кроссовки C-995,Одежда,ИП Иванов,642,0.1,2028-07-09,Ряд 13-Стеллаж 25,29814.63,2
OYR-000009,Платье A-977,Одежда,ЗАО 'СкладСервис',906,0.5,2028-12-17,Ряд 11-Стеллаж 8,14710.33,6
SSZ-000010,Крупа Lite-977,Продукты питания,ООО 'ОптТорг',934,0.1,NULL,Ряд 17-Стеллаж 39,9985.61,1
UNA-000011,Ручка A-750,Канцтовары,ТД 'Универсал',19,0.1,2029-11-20,Ряд 8-Стеллаж 4,12081.54,2
MBT-000012,Кофе Max-707,Продукты питания,ИП Иванов,675,0.5,NULL,Ряд 17-Стеллаж 39,21185.74,6
FIZ-000013,Лоток B-603,Зоотовары,ООО 'ИмпортТрейд',448,2.0,NULL,Ряд 8-Стеллаж 5,16937.37,50
FBQ-000014,Моющее средство Max-958,Бытовая химия,АО 'Торговый дом',927,0.1,NULL,Ряд 8-Стеллаж 18,33465.44,1
WOG-000015,Масло A-413,Автотовары,АО 'РегионСнаб',194,0.1,2030-07-16,Ряд 14-Стеллаж 30,43198.65,0
SUC-000016,Шампунь Lite-101,Бытовая химия,Группа 'Мегаполис',549,0.5,NULL,Ряд 15-Стеллаж 16,43730.57,4
BZV-000017,Платье C-949,Одежда,Группа 'Мегаполис',170,0.5,NULL,Ряд 13-Стеллаж 4,8273.62,3
ULK-000018,Фантастика A-766,Книги,ООО 'ОптТорг',677,1.0,2026-06-14,Ряд 10-Стеллаж 14,48437.03,25
IBM-000019,Велосипед A-965,Спорттовары,ИП Иванов,58,5.0,2028-07-19,Ряд 20-Стеллаж 5,33776.87,70
XGP-000020,Посуда Pro-135,Товары для дома,АО 'Торговый дом',429,1.0,2029-08-17,Ряд 7-Стеллаж 43,35823.78,14
RHI-000021,Куртка A-901,Одежда,ООО 'Поставщик+',469,1.0,2028-07-29,Ряд 18-Стеллаж 14,25318.94,11
GHL-000022,Лыжи B-279,Спорттовары,Торговый дом 'Восточный',309,1.0,2029-11-04,Ряд 4-Стеллаж 9,13260.07,10
HFI-000023,Корм A-342,Зоотовары,ЗАО 'СкладСервис',873,0.1,NULL,Ряд 2-Стеллаж 6,31732.51,1
UQG-000024,Роман C-597,Книги,ТД 'Универсал',564,1.0,NULL,Ряд 3-Стеллаж 45,45201.23,24
OLB-000025,Степлер Max-159,Канцтовары,ООО 'Поставщик+',920,0.5,NULL,Ряд 4-Стеллаж 23,39016.81,10
YGE-000026,Консервы Pro-894,Продукты питания,АО 'РегионСнаб',25,0.1,2030-06-22,Ряд 8-Стеллаж 18,8001.93,2
BMF-000027,Шина A-991,Автотовары,ООО 'ИмпортТрейд',312,2.0,2027-10-16,Ряд 1-Стеллаж 43,9696.83,34
UJN-000028,Корм A-611,Зоотовары,ООО 'ОптТорг',339,5.0,2029-08-17,Ряд 6-Стеллаж 38,48128.59,75
LSI-000029,Картина Max-737,Товары для дома,ООО 'ОптТорг',118,0.5,NULL,Ряд 2-Стеллаж 46,21831.07,11
YTF-000030,Дрель Pro-714,Инструменты,АО 'Торговый дом',971,1.0,2028-11-11,Ряд 10-Стеллаж 33,15498.77,20
HDK-000031,Пила Lite-622,Инструменты,ЗАО 'СкладСервис',766,5.0,2030-06-10,Ряд 18-Стеллаж 1,15228.55,65
RML-000032,Мыло A-839,Бытовая химия,ООО 'ОптТорг',484,2.0,NULL,Ряд 3-Стеллаж 19,25796.83,54
YGI-000033,Моющее средство Max-714,Бытовая химия,ИП Иванов,25,0.1,2028-07-28,Ряд 15-Стеллаж 27,44312.54,2
JKD-000034,Фантастика B-940,Книги,ООО 'Поставщик+',914,2.0,2029-05-23,Ряд 6-Стеллаж 45,25921.99,16
WLU-000035,Клетка Pro-266,Зоотовары,ООО 'ОптТорг',572,1.0,2030-12-29,Ряд 14-Стеллаж 36,22323.38,12
TVH-000036,Лыжи A-142,Спорттовары,ТД 'Универсал',641,0.1,NULL,Ряд 10-Стеллаж 16,13622.17,1
DJD-000037,Стиральный порошок Lite-390,Бытовая химия,АО 'Торговый дом',424,0.5,2028-07-06,Ряд 7-Стеллаж 27,19504.37,12
MYH-000038,Молоток Pro-345,Инструменты,АО 'РегионСнаб',551,1.0,2029-05-26,Ряд 16-Стеллаж 15,13683.12,22
RUS-000039,Фильтр A-267,Автотовары,ИП Иванов,637,0.5,2028-04-25,Ряд 3-Стеллаж 42,21459.21,10
JFI-000040,Молоток C-230,Инструменты,Компания 'Логистик',770,5.0,NULL,Ряд 3-Стеллаж 31,1018.2,120
QUQ-000041,Ноутбук Pro-717,Электроника,Группа 'Мегаполис',204,2.0,NULL,Ряд 5-Стеллаж 31,33489.47,50
GJP-000042,Фантастика Max-930,Книги,Торговый дом 'Восточный',117,2.0,2026-08-15,Ряд 4-Стеллаж 38,1332.64,32
YKS-000043,Кроссовки A-356,Одежда,ИП Петрова,707,2.0,2027-06-14,Ряд 10-Стеллаж 44,30040.56,20
NRB-000044,Игрушка Pro-181,Зоотовары,ООО 'ИмпортТрейд',12,2.0,NULL,Ряд 12-Стеллаж 41,44584.17,42
TZH-000045,Гантели Pro-584,Спорттовары,ТД 'Универсал',476,0.5,2029-12-21,Ряд 8-Стеллаж 6,13982.47,10
PJA-000046,Степлер A-530,Канцтовары,ИП Иванов,499,0.1,2028-02-13,Ряд 9-Стеллаж 39,35074.13,1
YCS-000047,Аккумулятор Max-250,Автотовары,ООО 'ОптТорг',776,0.1,2030-12-01,Ряд 15-Стеллаж 2,4698.01,1
HPM-000048,Гантели C-123,Спорттовары,ООО 'ИмпортТрейд',435,10.0,2030-09-16,Ряд 9-Стеллаж 20,12607.61,100
TYR-000049,Мыло B-370,Бытовая химия,Группа 'Мегаполис',756,0.5,2031-02-08,Ряд 20-Стеллаж 19,49026.51,6
EAN-000050,Крем A-588,Косметика,ООО 'Поставщик+',997,0.1,2029-02-13,Ряд 5-Стеллаж 41,43429.64,2
HMI-000051,Смартфон B-153,Электроника,Компания 'Логистик',963,2.0,2030-05-30,Ряд 16-Стеллаж 5,28872.21,56
VYC-000052,Мыло Lite-440,Бытовая химия,АО 'Торговый дом',571,2.0,2029-06-06,Ряд 17-Стеллаж 25,22553.2,42
HQP-000053,Роман B-3,Книги,АО 'Торговый дом',970,2.0,NULL,Ряд 3-Стеллаж 11,12031.27,48
KRM-000054,Монитор Max-824,Электроника,Группа 'Мегаполис',295,1.0,2028-07-24,Ряд 8-Стеллаж 17,39402.01,27
YLO-000055,Лоток C-450,Зоотовары,ИП Иванов,930,0.1,2026-04-14,Ряд 2-Стеллаж 11,39641.8,2
DRS-000056,Духи Max-857,Косметика,ООО 'ОптТорг',552,0.5,2030-08-02,Ряд 11-Стеллаж 39,12555.88,4
WPA-000057,Игрушка Lite-447,Зоотовары,Компания 'Логистик',590,0.1,2026-11-04,Ряд 17-Стеллаж 42,22139.36,1
QMC-000058,Папка Lite-38,Канцтовары,АО 'РегионСнаб',341,0.5,2030-01-05,Ряд 14-Стеллаж 45,24798.68,14
LII-000059,Ключ Pro-641,Инструменты,ООО 'ОптТорг',844,10.0,2030-10-03,Ряд 14-Стеллаж 4,9419.75,180
LBG-000060,Кофе A-566,Продукты питания,Компания 'Логистик',448,2.0,NULL,Ряд 20-Стеллаж 16,35503.65,32
KFV-000061,Платье Pro-250,Одежда,ТД 'Универсал',969,0.1,2026-11-19,Ряд 10-Стеллаж 33,35285.31,2
LDE-000062,Посуда A-290,Товары для дома,ООО 'ОптТорг',764,2.0,NULL,Ряд 14-Стеллаж 22,46715.71,46
SVP-000063,Поводок B-715,Зоотовары,ТД 'Универсал',886,0.1,2030-01-10,Ряд 18-Стеллаж 49,27194.33,2
GJW-000064,Отвертка Pro-988,Инструменты,ООО 'Поставщик+',325,1.0,2030-04-20,Ряд 13-Стеллаж 43,39630.06,27
ANP-000065,Футболка Pro-801,Одежда,ТД 'Универсал',102,0.5,NULL,Ряд 5-Стеллаж 27,43553.1,5
ZIS-000066,Лоток A-633,Зоотовары,АО 'Торговый дом',872,0.5,2030-04-18,Ряд 11-Стеллаж 41,35949.94,11
BQX-000067,Стиральный порошок C-816,Бытовая химия,Торговый дом 'Восточный',92,0.5,2028-09-22,Ряд 15-Стеллаж 11,34715.36,3
BJL-000068,Моющее средство Pro-935,Бытовая химия,ООО 'ОптТорг',421,1.0,2026-06-04,Ряд 6-Стеллаж 6,30494.11,19
PGQ-000069,Шина Max-986,Автотовары,Компания 'Логистик',682,0.1,2029-01-18,Ряд 3-Стеллаж 29,47264.52,2
LGV-000070,Мыло A-850,Бытовая химия,АО 'РегионСнаб',873,0.5,2028-03-26,Ряд 19-Стеллаж 23,28761.86,14
RHO-000071,Игрушка Lite-257,Зоотовары,Торговый дом 'Восточный',996,0.1,2029-10-08,Ряд 8-Стеллаж 39,40106.5,1
RSR-000072,Крупа A-932,Продукты питания,ЗАО 'СкладСервис',99,5.0,NULL,Ряд 15-Стеллаж 3,28999.71,150
HTE-000073,Макароны Max-892,Продукты питания,ООО 'ОптТорг',897,5.0,2029-09-10,Ряд 6-Стеллаж 17,45706.75,110
ICZ-000074,Консервы Pro-378,Продукты питания,Группа 'Мегаполис',880,1.0,2030-03-20,Ряд 3-Стеллаж 26,745.24,24
RRP-000075,Корм Max-844,Зоотовары,ООО 'ИмпортТрейд',110,1.0,NULL,Ряд 18-Стеллаж 21,45767.03,14
MSQ-000076,Джинсы Pro-465,Одежда,ИП Иванов,46,5.0,2028-07-18,Ряд 4-Стеллаж 7,11778.26,120
JYS-000077,Мяч Max-380,Спорттовары,АО 'РегионСнаб',601,1.0,2026-10-07,Ряд 4-Стеллаж 32,30801.83,15
FLG-000078,Ручка Max-218,Канцтовары,АО 'Торговый дом',702,0.5,2030-05-25,Ряд 9-Стеллаж 13,48411.93,10
QPA-000079,Бумага B-808,Канцтовары,Группа 'Мегаполис',128,2.0,2027-05-11,Ряд 18-Стеллаж 14,29339.84,28
XAW-000080,Кофе C-17,Продукты питания,ИП Иванов,553,0.1,2026-05-04,Ряд 1-Стеллаж 9,792.27,1
EBT-000081,Лыжи A-745,Спорттовары,АО 'Торговый дом',763,0.1,2031-01-16,Ряд 19-Стеллаж 7,22627.67,1
UWN-000082,Масло A-330,Автотовары,ЗАО 'СкладСервис',987,0.1,2030-07-22,Ряд 4-Стеллаж 32,35634.45,2
PBH-000083,Корм Max-118,Зоотовары,ИП Петрова,561,1.0,2031-02-20,Ряд 10-Стеллаж 30,25302.28,20
WQT-000084,Роман C-438,Книги,Группа 'Мегаполис',440,0.5,2028-04-28,Ряд 11-Стеллаж 30,19966.57,15
IGY-000085,Лоток A-601,Зоотовары,ТД 'Универсал',68,0.1,NULL,Ряд 4-Стеллаж 48,36952.86,1
YOR-000086,Ключ Lite-218,Инструменты,ООО 'ИмпортТрейд',894,1.0,2028-06-14,Ряд 10-Стеллаж 39,15656.82,10
EMW-000087,Степлер Max-659,Канцтовары,ООО 'ОптТорг',376,0.1,2028-10-09,Ряд 8-Стеллаж 28,42265.5,2
OPR-000088,Фантастика Max-411,Книги,Компания 'Логистик',29,0.1,2030-01-25,Ряд 12-Стеллаж 1,9111.21,1
BTZ-000089,Кроссовки A-905,Одежда,Торговый дом 'Восточный',543,0.1,2029-01-17,Ряд 12-Стеллаж 20,36093.72,2
BEQ-000090,Корм C-441,Зоотовары,АО 'Торговый дом',278,0.5,2030-08-23,Ряд 14-Стеллаж 18,10817.67,11
CRP-000091,Гантели C-297,Спорттовары,ЗАО 'СкладСервис',315,0.1,2028-06-21,Ряд 1-Стеллаж 14,15105.9,1
IAT-000092,Чай Max-44,Продукты питания,ИП Иванов,389,0.5,2028-07-26,Ряд 18-Стеллаж 43,40319.7,4
LLC-000093,Тетрадь Lite-472,Канцтовары,ИП Петрова,439,1.0,2029-10-14,Ряд 4-Стеллаж 26,1091.79,17
VXC-000094,Джинсы A-523,Одежда,Группа 'Мегаполис',446,1.0,NULL,Ряд 10-Стеллаж 48,17008.69,17
QNF-000095,Степлер B-779,Канцтовары,ООО 'ИмпортТрейд',744,5.0,2029-06-27,Ряд 4-Стеллаж 10,12835.61,60
TBY-000096,Клетка Max-311,Зоотовары,ТД 'Универсал',475,2.0,2029-12-22,Ряд 11-Стеллаж 10,22016.15,44
UPJ-000097,Кроссовки Lite-520,Одежда,Компания 'Логистик',472,0.5,2029-10-09,Ряд 3-Стеллаж 42,43219.29,4
JPY-000098,Детектив A-831,Книги,ООО 'Поставщик+',460,5.0,2029-12-19,Ряд 20-Стеллаж 31,25093.3,40
XIS-000099,Коврик C-397,Спорттовары,ЗАО 'СкладСервис',176,0.1,2030-08-17,Ряд 17-Стеллаж 34,30509.78,1
KIP-000100,Лоток B-342,Зоотовары,ЗАО 'СкладСервис',342,0.1,2030-05-01,Ряд 10-Стеллаж 17,36200.5,2
CRX-000101,Тушь B-687,Косметика,ЗАО 'СкладСервис',715,1.0,2027-01-07,Ряд 3-Стеллаж 20,27968.16,27
SYZ-000102,Велосипед B-232,Спорттовары,АО 'Торговый дом',661,1.0,2030-03-13,Ряд 10-Стеллаж 12,47560.91,17
ZEH-000103,Платье B-167,Одежда,ООО 'ОптТорг',789,0.5,2028-05-17,Ряд 11-Стеллаж 50,30920.67,13
ESQ-000104,Чай B-547,Продукты питания,Торговый дом 'Восточный',448,0.1,2029-06-30,Ряд 15-Стеллаж 40,14282.15,3
GZU-000105,Моющее средство Lite-142,Бытовая химия,ООО 'ИмпортТрейд',694,5.0,2029-09-29,Ряд 13-Стеллаж 33,26396.62,60
WBM-000106,Степлер B-851,Канцтовары,ООО 'ОптТорг',956,0.1,2029-10-05,Ряд 3-Стеллаж 49,8057.6,2
LYF-000107,Фильтр A-327,Автотовары,ООО 'ИмпортТрейд',952,0.1,2030-04-05,Ряд 8-Стеллаж 25,49726.54,1
YVQ-000108,Консервы C-221,Продукты питания,ИП Иванов,39,0.1,2028-12-10,Ряд 16-Стеллаж 29,30786.65,0
VOS-000109,Лыжи Pro-65,Спорттовары,АО 'РегионСнаб',113,2.0,2028-01-04,Ряд 4-Стеллаж 4,11960.05,54
CXP-000110,Монитор Pro-192,Электроника,ЗАО 'СкладСервис',527,1.0,NULL,Ряд 14-Стеллаж 1,30759.74,14
RCZ-000111,Куртка Max-17,Одежда,ООО 'ОптТорг',557,0.5,2030-05-09,Ряд 16-Стеллаж 3,31801.76,9
JBG-000112,Игрушка Max-476,Зоотовары,ЗАО 'СкладСервис',106,2.0,2028-11-29,Ряд 2-Стеллаж 23,27323.39,54
ZME-000113,Макароны C-528,Продукты питания,АО 'Торговый дом',733,2.0,NULL,Ряд 7-Стеллаж 3,39565.91,16
KVM-000114,Наушники Max-451,Электроника,ЗАО 'СкладСервис',195,0.1,2030-01-09,Ряд 9-Стеллаж 8,39977.15,2
XKZ-000115,Дворники B-559,Автотовары,Торговый дом 'Восточный',509,0.5,NULL,Ряд 3-Стеллаж 47,21253.76,10
HCI-000116,Тушь Lite-446,Косметика,Компания 'Логистик',456,1.0,NULL,Ряд 15-Стеллаж 23,22384.13,30
HZY-000117,Платье A-130,Одежда,ЗАО 'СкладСервис',652,0.5,2029-01-22,Ряд 1-Стеллаж 10,42441.03,14
BUJ-000118,Отвертка Lite-376,Инструменты,ИП Петрова,33,1.0,2030-03-30,Ряд 12-Стеллаж 29,38166.07,25
KQG-000119,Джинсы Lite-293,Одежда,ООО 'Поставщик+',753,0.1,2028-10-28,Ряд 9-Стеллаж 50,13051.47,2
SZF-000120,Кофе Lite-298,Продукты питания,АО 'Торговый дом',462,0.1,2028-08-27,Ряд 11-Стеллаж 43,17403.89,0
XWS-000121,Роман C-568,Книги,ЗАО 'СкладСервис',178,2.0,NULL,Ряд 7-Стеллаж 9,11874.97,44
OMZ-000122,Кофе A-129,Продукты питания,ИП Петрова,905,0.1,2028-04-12,Ряд 16-Стеллаж 34,20569.22,2
ZQL-000123,Корм Lite-157,Зоотовары,ООО 'ОптТорг',352,0.1,2029-03-08,Ряд 5-Стеллаж 28,25168.05,0
HEY-000124,Мыло B-641,Бытовая химия,ООО 'ИмпортТрейд',970,5.0,2027-05-21,Ряд 9-Стеллаж 13,31771.1,120
HNN-000125,Кофе A-846,Продукты питания,ИП Петрова,964,1.0,2027-02-09,Ряд 20-Стеллаж 47,45104.94,17
WCY-000126,Посуда Pro-251,Товары для дома,Компания 'Логистик',666,0.1,2028-05-02,Ряд 16-Стеллаж 41,27301.6,2
URH-000127,Куртка Max-882,Одежда,Торговый дом 'Восточный',61,0.1,2029-04-22,Ряд 11-Стеллаж 39,7226.25,2
IKT-000128,Коврик Pro-885,Спорттовары,ООО 'ОптТорг',108,0.5,NULL,Ряд 15-Стеллаж 16,7086.84,4
PGW-000129,Чай C-510,Продукты питания,ООО 'ИмпортТрейд',956,1.0,NULL,Ряд 6-Стеллаж 32,49798.67,21
AYN-000130,Стиральный порошок A-442,Бытовая химия,Группа 'Мегаполис',597,0.5,NULL,Ряд 20-Стеллаж 42,33642.4,8
DGJ-000131,Пила Lite-287,Инструменты,ООО 'ИмпортТрейд',46,0.5,2030-03-13,Ряд 18-Стеллаж 19,3722.91,11
VQP-000132,Кофе A-47,Продукты питания,АО 'Торговый дом',403,0.5,2030-03-19,Ряд 5-Стеллаж 13,30143.02,9
BSU-000133,Коврик Lite-345,Спорттовары,ТД 'Универсал',152,1.0,NULL,Ряд 20-Стеллаж 21,8166.98,26
NNM-000134,Подушка Lite-486,Товары для дома,Компания 'Логистик',486,2.0,2028-10-11,Ряд 14-Стеллаж 38,15418.51,60
GRZ-000135,Одеяло A-587,Товары для дома,ИП Петрова,233,1.0,2031-02-07,Ряд 20-Стеллаж 50,42066.3,11
YCA-000136,Ручка Max-142,Канцтовары,АО 'РегионСнаб',155,0.5,2028-04-25,Ряд 17-Стеллаж 50,30593.33,11
NOZ-000137,Шина Lite-496,Автотовары,ООО 'ОптТорг',385,0.5,2026-10-30,Ряд 18-Стеллаж 22,27336.35,14
EGO-000138,Мыло C-125,Бытовая химия,Компания 'Логистик',789,0.1,2029-02-05,Ряд 16-Стеллаж 21,24016.18,2
OOX-000139,Дрель Pro-672,Инструменты,ООО 'ИмпортТрейд',977,2.0,2026-08-04,Ряд 2-Стеллаж 19,47767.92,18
GMF-000140,Гантели A-686,Спорттовары,Компания 'Логистик',955,1.0,2027-07-20,Ряд 4-Стеллаж 40,37057.5,14
XFG-000141,Платье Max-958,Одежда,АО 'РегионСнаб',338,1.0,2028-12-07,Ряд 1-Стеллаж 36,48896.64,12
WMQ-000142,Духи Pro-904,Косметика,ООО 'ИмпортТрейд',292,1.0,2029-06-19,Ряд 18-Стеллаж 48,36169.73,8
VYA-000143,Дрель C-466,Инструменты,ТД 'Универсал',190,5.0,2027-04-09,Ряд 1-Стеллаж 20,28419.7,50
ZOM-000144,Макароны C-582,Продукты питания,ООО 'ОптТорг',479,0.1,2030-09-26,Ряд 9-Стеллаж 46,9350.64,3
RFP-000145,Поводок B-7,Зоотовары,АО 'РегионСнаб',846,0.5,NULL,Ряд 4-Стеллаж 12,49085.18,11
GGT-000146,Ручка Pro-315,Канцтовары,Компания 'Логистик',596,1.0,NULL,Ряд 12-Стеллаж 45,11853.31,28
ERY-000147,Детектив B-466,Книги,Компания 'Логистик',706,0.1,2028-03-12,Ряд 20-Стеллаж 15,10995.47,1
TPK-000148,Коврик A-940,Спорттовары,ТД 'Универсал',775,0.5,2029-07-20,Ряд 20-Стеллаж 6,26299.06,11
OBO-000149,Лыжи Pro-94,Спорттовары,Группа 'Мегаполис',586,0.5,2026-08-23,Ряд 17-Стеллаж 29,5856.19,6
XLB-000150,Крупа Lite-75,Продукты питания,ООО 'ОптТорг',425,0.5,2029-11-22,Ряд 1-Стеллаж 26,12760.14,3
BIB-000151,Наушники C-913,Электроника,АО 'Торговый дом',956,0.5,2028-04-23,Ряд 6-Стеллаж 50,6814.67,13
JWX-000152,Пила Lite-131,Инструменты,АО 'Торговый дом',699,5.0,NULL,Ряд 12-Стеллаж 8,8964.76,120
SFA-000153,Планшет B-960,Электроника,Компания 'Логистик',474,1.0,2030-04-16,Ряд 8-Стеллаж 16,23058.23,11
WTA-000154,Лоток Max-721,Зоотовары,АО 'РегионСнаб',629,2.0,NULL,Ряд 3-Стеллаж 7,29717.51,42
WGB-000155,Дворники C-592,Автотовары,Группа 'Мегаполис',552,0.1,NULL,Ряд 10-Стеллаж 15,40798.52,3
PRI-000156,Помада Lite-508,Косметика,ИП Иванов,676,0.5,2028-07-03,Ряд 18-Стеллаж 38,43991.71,6
BIQ-000157,Отвертка B-308,Инструменты,ООО 'ОптТорг',326,1.0,NULL,Ряд 13-Стеллаж 12,37733.08,22
WDM-000158,Смартфон Pro-868,Электроника,ООО 'ОптТорг',422,5.0,2030-05-05,Ряд 8-Стеллаж 17,10206.67,135
JNV-000159,Монитор B-491,Электроника,Компания 'Логистик',386,1.0,NULL,Ряд 3-Стеллаж 13,40242.3,25
FXH-000160,Ноутбук Pro-938,Электроника,Группа 'Мегаполис',959,0.1,NULL,Ряд 16-Стеллаж 16,34796.53,2
GIH-000161,Аккумулятор C-937,Автотовары,ООО 'ОптТорг',664,0.5,2028-03-04,Ряд 17-Стеллаж 32,23326.9,15
FIB-000162,Шампунь Lite-854,Бытовая химия,Торговый дом 'Восточный',149,0.1,2030-07-04,Ряд 10-Стеллаж 10,9849.78,1
GOY-000163,Тетрадь B-738,Канцтовары,Компания 'Логистик',781,2.0,2030-11-30,Ряд 15-Стеллаж 11,36651.97,36
OEX-000164,Игрушка A-725,Зоотовары,ООО 'Поставщик+',536,0.1,2028-06-08,Ряд 1-Стеллаж 27,6917.7,2
DFL-000165,Смартфон A-543,Электроника,ИП Петрова,653,1.0,2030-11-25,Ряд 1-Стеллаж 1,26634.01,20
SNH-000166,Лыжи Lite-259,Спорттовары,Торговый дом 'Восточный',690,0.5,2026-05-02,Ряд 4-Стеллаж 34,7487.43,6
VGK-000167,Ручка A-416,Канцтовары,АО 'РегионСнаб',470,1.0,NULL,Ряд 3-Стеллаж 42,49584.15,27
JOB-000168,Ноутбук B-923,Электроника,Торговый дом 'Восточный',175,0.1,2030-01-08,Ряд 19-Стеллаж 7,44744.82,0
WXM-000169,Монитор B-771,Электроника,АО 'Торговый дом',700,5.0,2028-05-07,Ряд 6-Стеллаж 21,832.12,65
VVY-000170,Крем Lite-764,Косметика,ИП Иванов,577,0.1,2030-01-09,Ряд 13-Стеллаж 49,37000.27,2
ZBL-000171,Платье B-365,Одежда,ООО 'ИмпортТрейд',619,2.0,2029-12-29,Ряд 1-Стеллаж 41,13702.69,42
OJE-000172,Одеяло Pro-729,Товары для дома,ЗАО 'СкладСервис',389,0.1,NULL,Ряд 8-Стеллаж 46,3721.66,1
UEK-000173,Ручка B-442,Канцтовары,АО 'Торговый дом',93,0.1,2028-05-30,Ряд 12-Стеллаж 49,13524.83,1
LOK-000174,Смартфон Max-923,Электроника,АО 'Торговый дом',362,1.0,2029-12-25,Ряд 13-Стеллаж 1,14627.78,19
OZG-000175,Гантели Pro-283,Спорттовары,ИП Иванов,701,0.5,2026-07-24,Ряд 10-Стеллаж 18,24681.54,4
KMB-000176,Тушь Lite-390,Косметика,Группа 'Мегаполис',738,1.0,2030-09-24,Ряд 4-Стеллаж 9,15267.67,19
UII-000177,Поводок C-753,Зоотовары,ИП Петрова,139,0.5,2029-04-16,Ряд 16-Стеллаж 21,8922.98,9
SMO-000178,Стиральный порошок Max-473,Бытовая химия,ООО 'ИмпортТрейд',385,0.1,2029-04-14,Ряд 19-Стеллаж 35,9037.36,2
YFU-000179,Детектив Pro-76,Книги,АО 'Торговый дом',838,2.0,2028-12-11,Ряд 10-Стеллаж 16,12671.45,22
LPP-000180,Лыжи Max-937,Спорттовары,ООО 'ОптТорг',945,5.0,2028-05-15,Ряд 12-Стеллаж 45,44780.3,120
CTR-000181,Бумага B-523,Канцтовары,ИП Иванов,662,1.0,2030-05-28,Ряд 11-Стеллаж 28,5341.93,10
TOR-000182,Стиральный порошок C-426,Бытовая химия,ТД 'Универсал',383,0.5,2030-12-20,Ряд 5-Стеллаж 23,49885.25,11
XCV-000183,Детектив C-69,Книги,ИП Иванов,356,0.5,2031-02-01,Ряд 16-Стеллаж 23,23834.32,10
HVC-000184,Степлер Pro-982,Канцтовары,ЗАО 'СкладСервис',111,1.0,2026-07-11,Ряд 17-Стеллаж 12,27617.92,17
MUQ-000185,Крупа B-286,Продукты питания,ЗАО 'СкладСервис',673,0.5,2029-04-09,Ряд 15-Стеллаж 38,21506.16,3
TVB-000186,Кроссовки Max-321,Одежда,ООО 'ОптТорг',191,0.5,2028-06-12,Ряд 4-Стеллаж 17,33551.54,11
PPP-000187,Тетрадь C-121,Канцтовары,ООО 'ИмпортТрейд',865,0.5,2027-02-16,Ряд 10-Стеллаж 40,29528.91,14
GDJ-000188,Кофе Max-942,Продукты питания,ООО 'ОптТорг',397,0.5,2026-12-28,Ряд 13-Стеллаж 28,9328.4,13
QZO-000189,Дворники Lite-669,Автотовары,Компания 'Логистик',143,0.1,2030-03-06,Ряд 1-Стеллаж 32,6869.91,1
MRK-000190,Шина B-800,Автотовары,ТД 'Универсал',171,0.1,2029-05-26,Ряд 10-Стеллаж 3,13778.9,2
LTT-000191,Велосипед Lite-224,Спорттовары,ООО 'ОптТорг',115,1.0,2028-09-08,Ряд 12-Стеллаж 35,41139.42,8
ZCV-000192,Моющее средство B-831,Бытовая химия,Компания 'Логистик',895,10.0,NULL,Ряд 3-Стеллаж 29,43271.26,100
TRW-000193,Посуда Lite-552,Товары для дома,ЗАО 'СкладСервис',438,0.1,2026-06-22,Ряд 7-Стеллаж 4,28525.21,2
EZH-000194,Одеяло Max-887,Товары для дома,Компания 'Логистик',975,2.0,2028-12-03,Ряд 14-Стеллаж 4,49624.69,54
DDI-000195,Шампунь Lite-768,Бытовая химия,ЗАО 'СкладСервис',402,0.5,2030-06-27,Ряд 13-Стеллаж 29,3822.04,4
HYJ-000196,Масло Lite-408,Автотовары,ООО 'ИмпортТрейд',595,0.1,NULL,Ряд 15-Стеллаж 41,33223.98,1
FLF-000197,Крем Max-803,Косметика,ООО 'ИмпортТрейд',848,0.1,2030-11-19,Ряд 11-Стеллаж 44,38124.59,0
VAY-000198,Консервы Max-370,Продукты питания,ТД 'Универсал',467,0.1,NULL,Ряд 5-Стеллаж 42,15128.18,1
GJX-000199,Консервы B-489,Продукты питания,ООО 'Поставщик+',405,1.0,2029-06-23,Ряд 14-Стеллаж 42,4605.4,10
CPN-000200,Масло Max-826,Автотовары,ООО 'Поставщик+',8,1.0,2030-07-13,Ряд 5-Стеллаж 31,3587.87,19
CIW-000201,Кофе Max-169,Продукты питания,АО 'РегионСнаб',792,2.0,2027-01-31,Ряд 5-Стеллаж 5,26548.89,14
LSQ-000202,Чай C-987,Продукты питания,АО 'РегионСнаб',630,1.0,2027-05-29,Ряд 4-Стеллаж 9,37634.66,25
LUG-000203,Лоток Lite-522,Зоотовары,АО 'Торговый дом',254,1.0,2029-10-05,Ряд 1-Стеллаж 43,43797.57,13
EKQ-000204,Моющее средство Pro-882,Бытовая химия,ТД 'Универсал',395,0.1,2028-07-24,Ряд 17-Стеллаж 1,49344.78,1
VKO-000205,Консервы Pro-519,Продукты питания,ТД 'Универсал',977,10.0,NULL,Ряд 3-Стеллаж 1,13146.15,80
HST-000206,Отвертка B-550,Инструменты,Торговый дом 'Восточный',411,0.1,2029-01-07,Ряд 9-Стеллаж 6,15529.85,2
IPT-000207,Корм Pro-627,Зоотовары,ЗАО 'СкладСервис',658,0.1,2029-07-02,Ряд 2-Стеллаж 16,4356.33,2
PIT-000208,Фантастика Max-266,Книги,ИП Иванов,122,0.1,2026-03-14,Ряд 6-Стеллаж 32,47653.16,2
EDU-000209,Тональный крем Max-79,Косметика,Торговый дом 'Восточный',907,0.1,2030-07-28,Ряд 9-Стеллаж 34,3240.41,2
MNB-000210,Подушка B-48,Товары для дома,ИП Иванов,376,0.1,2028-10-23,Ряд 8-Стеллаж 48,25465.8,0
MJD-000211,Планшет C-846,Электроника,ООО 'ОптТорг',822,5.0,2029-06-03,Ряд 11-Стеллаж 16,20842.02,150
CJN-000212,Планшет A-567,Электроника,ИП Иванов,228,2.0,2028-07-20,Ряд 15-Стеллаж 19,38687.7,32
LJH-000213,Духи A-955,Косметика,Торговый дом 'Восточный',637,0.1,2030-12-06,Ряд 7-Стеллаж 47,45027.14,1
KGJ-000214,Детектив Pro-985,Книги,ООО 'Поставщик+',973,0.5,2029-11-20,Ряд 4-Стеллаж 14,26514.23,7
BZS-000215,Кроссовки B-653,Одежда,ООО 'Поставщик+',943,0.1,2030-04-02,Ряд 15-Стеллаж 48,4290.88,1
VBO-000216,Дрель C-464,Инструменты,ЗАО 'СкладСервис',987,0.1,2027-11-24,Ряд 11-Стеллаж 26,35051.24,3
HBF-000217,Свеча C-475,Товары для дома,АО 'Торговый дом',159,0.1,2030-06-11,Ряд 4-Стеллаж 35,17946.46,1
GDE-000218,Поводок Pro-526,Зоотовары,Компания 'Логистик',846,1.0,NULL,Ряд 11-Стеллаж 10,4606.08,14
BHV-000219,Консервы A-64,Продукты питания,ООО 'Поставщик+',974,0.5,2029-07-25,Ряд 4-Стеллаж 30,5140.27,5
VZD-000220,Молоток A-203,Инструменты,ООО 'ИмпортТрейд',702,1.0,NULL,Ряд 19-Стеллаж 17,45875.56,9
XLD-000221,Папка A-392,Канцтовары,АО 'Торговый дом',43,5.0,NULL,Ряд 19-Стеллаж 28,41093.19,95
REF-000222,Макароны Pro-422,Продукты питания,Компания 'Логистик',286,0.5,2026-03-26,Ряд 20-Стеллаж 40,30868.01,13
WMC-000223,Дрель Pro-558,Инструменты,ИП Иванов,429,0.1,NULL,Ряд 18-Стеллаж 2,49470.71,2
UIO-000224,Степлер C-786,Канцтовары,АО 'РегионСнаб',276,0.1,2028-04-30,Ряд 9-Стеллаж 4,40442.26,2
PGE-000225,Мыло B-181,Бытовая химия,ЗАО 'СкладСервис',246,0.1,NULL,Ряд 8-Стеллаж 37,42332.93,1
GIT-000226,Степлер C-180,Канцтовары,ИП Петрова,28,1.0,2028-12-17,Ряд 19-Стеллаж 13,41843.01,22
MCG-000227,Стиральный порошок A-152,Бытовая химия,ООО 'Поставщик+',539,0.5,2029-04-17,Ряд 5-Стеллаж 22,35861.03,8
PXU-000228,Гантели B-750,Спорттовары,ООО 'ИмпортТрейд',983,0.1,2030-05-20,Ряд 19-Стеллаж 7,16861.23,1
YUY-000229,Клетка C-752,Зоотовары,ООО 'ИмпортТрейд',178,1.0,2030-03-01,Ряд 8-Стеллаж 43,29468.06,12
RDS-000230,Словарь Max-580,Книги,ИП Петрова,400,2.0,NULL,Ряд 20-Стеллаж 21,46055.86,52
CMI-000231,Куртка Pro-12,Одежда,Группа 'Мегаполис',355,10.0,2027-01-28,Ряд 3-Стеллаж 46,33517.73,300
GGB-000232,Тушь Lite-385,Косметика,АО 'Торговый дом',737,0.1,2030-07-08,Ряд 6-Стеллаж 27,24679.45,1
CMW-000233,Корм C-175,Зоотовары,ЗАО 'СкладСервис',230,0.1,2028-05-08,Ряд 10-Стеллаж 2,15969.91,1
XEB-000234,Футболка A-340,Одежда,ООО 'ИмпортТрейд',608,10.0,2030-08-01,Ряд 6-Стеллаж 39,44493.18,120
FES-000235,Фантастика Pro-158,Книги,Торговый дом 'Восточный',553,0.1,2027-12-31,Ряд 8-Стеллаж 7,2529.29,2
BAC-000236,Клетка A-316,Зоотовары,ЗАО 'СкладСервис',614,0.5,NULL,Ряд 6-Стеллаж 41,14625.98,4
UMX-000237,Тушь Pro-477,Косметика,АО 'Торговый дом',657,0.5,2026-09-14,Ряд 13-Стеллаж 24,9369.82,4
GVO-000238,Кофе Pro-989,Продукты питания,Торговый дом 'Восточный',683,0.1,2030-06-26,Ряд 19-Стеллаж 15,27702.42,1
NWM-000239,Моющее средство A-973,Бытовая химия,ТД 'Универсал',306,0.1,NULL,Ряд 19-Стеллаж 34,40032.49,2
TEZ-000240,Мыло C-933,Бытовая химия,Группа 'Мегаполис',129,0.1,2030-08-09,Ряд 7-Стеллаж 41,7436.52,2
SUC-000241,Лыжи Lite-801,Спорттовары,АО 'РегионСнаб',565,0.5,2028-08-15,Ряд 15-Стеллаж 1,39338.2,13
KKD-000242,Посуда Pro-671,Товары для дома,ИП Петрова,776,5.0,2028-09-23,Ряд 10-Стеллаж 35,44012.78,100
MPA-000243,Помада C-919,Косметика,АО 'РегионСнаб',147,1.0,2028-05-19,Ряд 13-Стеллаж 22,34541.16,8
JIU-000244,Тушь C-747,Косметика,Компания 'Логистик',863,0.5,2029-06-10,Ряд 5-Стеллаж 20,48712.26,10
KQE-000245,Шампунь B-800,Бытовая химия,АО 'РегионСнаб',758,0.5,2028-06-24,Ряд 17-Стеллаж 11,3327.57,14
WWA-000246,Шампунь Max-946,Бытовая химия,Группа 'Мегаполис',857,0.1,2030-03-09,Ряд 7-Стеллаж 18,18449.18,2
DAJ-000247,Подушка C-29,Товары для дома,ТД 'Универсал',181,5.0,2030-02-15,Ряд 12-Стеллаж 11,41890.81,75
KEO-000248,Стиральный порошок Pro-934,Бытовая химия,Группа 'Мегаполис',662,0.1,2027-12-02,Ряд 14-Стеллаж 33,1051.62,2
DEU-000249,Шампунь C-224,Бытовая химия,Компания 'Логистик',622,2.0,2029-02-28,Ряд 9-Стеллаж 28,44779.37,36
MRV-000250,Дрель Max-111,Инструменты,ИП Петрова,104,0.1,2030-04-06,Ряд 18-Стеллаж 42,29708.94,1
MIH-000251,Степлер Pro-677,Канцтовары,Компания 'Логистик',267,1.0,NULL,Ряд 5-Стеллаж 34,38285.45,8
IDA-000252,Шина Max-731,Автотовары,Компания 'Логистик',265,5.0,2028-05-12,Ряд 19-Стеллаж 46,49737.95,65
FNU-000253,Игрушка Max-265,Зоотовары,ООО 'ИмпортТрейд',519,0.5,2027-02-08,Ряд 18-Стеллаж 12,14724.51,11
SOX-000254,Поводок C-600,Зоотовары,ООО 'ИмпортТрейд',670,0.1,NULL,Ряд 10-Стеллаж 27,39415.12,1
HWM-000255,Лоток C-424,Зоотовары,ИП Петрова,594,5.0,2029-04-03,Ряд 17-Стеллаж 8,43381.51,95
BWD-000256,Моющее средство C-650,Бытовая химия,ООО 'ИмпортТрейд',419,10.0,NULL,Ряд 6-Стеллаж 50,4086.53,170
BLF-000257,Чай Pro-5,Продукты питания,ИП Петрова,782,0.1,NULL,Ряд 14-Стеллаж 41,21499.02,2
AFJ-000258,Планшет C-133,Электроника,ООО 'ИмпортТрейд',775,2.0,2027-03-20,Ряд 1-Стеллаж 41,36693.48,28
CNH-000259,Куртка Pro-368,Одежда,ООО 'Поставщик+',305,5.0,2031-02-07,Ряд 11-Стеллаж 28,44404.3,55
TEX-000260,Дрель Max-667,Инструменты,ООО 'Поставщик+',233,0.1,2026-06-25,Ряд 1-Стеллаж 38,25256.45,1
UJQ-000261,Велосипед A-561,Спорттовары,ИП Петрова,49,1.0,2028-04-10,Ряд 2-Стеллаж 45,5833.7,21
GSF-000262,Игрушка Pro-851,Зоотовары,ЗАО 'СкладСервис',9,0.5,NULL,Ряд 17-Стеллаж 18,31158.75,14
XNQ-000263,Духи C-721,Косметика,АО 'Торговый дом',803,0.1,2028-11-14,Ряд 7-Стеллаж 50,13186.55,2
KEO-000264,Шампунь B-973,Бытовая химия,Торговый дом 'Восточный',955,0.5,2027-03-04,Ряд 1-Стеллаж 43,4495.69,5
CNS-000265,Футболка C-369,Одежда,Компания 'Логистик',659,0.1,2027-11-27,Ряд 15-Стеллаж 4,5035.46,1
UIT-000266,Футболка C-835,Одежда,ООО 'Поставщик+',9,2.0,2030-01-03,Ряд 12-Стеллаж 29,47756.7,30
ICK-000267,Фильтр A-427,Автотовары,Компания 'Логистик',855,0.5,2029-02-05,Ряд 4-Стеллаж 9,34823.69,4
XMO-000268,Аккумулятор A-65,Автотовары,ИП Иванов,625,0.5,2028-11-23,Ряд 16-Стеллаж 32,5691.23,10
GIS-000269,Корм Pro-678,Зоотовары,ООО 'ОптТорг',785,1.0,2030-01-22,Ряд 17-Стеллаж 34,34427.67,26
SMR-000270,Клетка Pro-891,Зоотовары,АО 'РегионСнаб',152,2.0,2028-06-20,Ряд 1-Стеллаж 42,46721.85,46
ETI-000271,Папка A-878,Канцтовары,Компания 'Логистик',51,0.5,2030-06-04,Ряд 8-Стеллаж 6,22981.78,12
MIZ-000272,Фантастика Max-312,Книги,ЗАО 'СкладСервис',18,0.1,NULL,Ряд 18-Стеллаж 1,41304.14,2
XOR-000273,Аккумулятор Max-673,Автотовары,ООО 'ИмпортТрейд',372,2.0,2028-06-09,Ряд 11-Стеллаж 36,38382.45,52
JLC-000274,Корм B-505,Зоотовары,Группа 'Мегаполис',2,0.5,2029-10-19,Ряд 18-Стеллаж 34,18725.82,5
DSS-000275,Куртка A-776,Одежда,Компания 'Логистик',625,0.1,2030-05-14,Ряд 7-Стеллаж 30,41236.48,1
KYV-000276,Подушка Lite-958,Товары для дома,АО 'Торговый дом',790,2.0,2030-12-28,Ряд 5-Стеллаж 32,266.66,60
LPY-000277,Кофе Pro-429,Продукты питания,Торговый дом 'Восточный',592,0.1,2026-05-01,Ряд 13-Стеллаж 43,30047.27,1
ZXT-000278,Тональный крем C-864,Косметика,АО 'РегионСнаб',986,0.5,2028-06-07,Ряд 5-Стеллаж 9,20666.64,14
SWS-000279,Лыжи Lite-711,Спорттовары,ЗАО 'СкладСервис',222,0.1,2030-02-06,Ряд 5-Стеллаж 46,32521.82,1
QST-000280,Мяч A-391,Спорттовары,ТД 'Универсал',596,1.0,2031-02-27,Ряд 10-Стеллаж 28,40424.82,23
DRF-000281,Чай A-631,Продукты питания,Компания 'Логистик',699,0.1,2029-10-26,Ряд 7-Стеллаж 49,27081.55,1
WTW-000282,Энциклопедия Lite-56,Книги,ЗАО 'СкладСервис',574,0.5,2029-10-11,Ряд 2-Стеллаж 25,19408.35,14
AGQ-000283,Масло B-986,Автотовары,Группа 'Мегаполис',933,1.0,2029-04-07,Ряд 7-Стеллаж 19,22468.31,28
ENJ-000284,Отвертка A-158,Инструменты,Компания 'Логистик',569,0.1,2027-01-02,Ряд 9-Стеллаж 1,16561.61,2
YPU-000285,Игрушка Lite-70,Зоотовары,ИП Петрова,863,1.0,2030-03-04,Ряд 3-Стеллаж 46,15927.06,14
UEO-000286,Ключ Lite-487,Инструменты,АО 'Торговый дом',357,0.1,2029-01-09,Ряд 11-Стеллаж 22,18071.85,1
ZVZ-000287,Планшет Pro-938,Электроника,АО 'Торговый дом',684,0.5,2028-12-18,Ряд 20-Стеллаж 40,12229.17,4
UCG-000288,Словарь C-527,Книги,Компания 'Логистик',25,5.0,2031-01-06,Ряд 15-Стеллаж 32,2240.39,135
CCZ-000289,Гантели Lite-849,Спорттовары,ООО 'ОптТорг',7,1.0,2029-01-16,Ряд 7-Стеллаж 44,21239.26,10
SZU-000290,Поводок Lite-73,Зоотовары,АО 'Торговый дом',764,1.0,2030-01-09,Ряд 2-Стеллаж 6,3708.74,12
OFG-000291,Ключ A-775,Инструменты,ТД 'Универсал',645,0.5,NULL,Ряд 4-Стеллаж 35,344.65,15
TBW-000292,Папка Max-32,Канцтовары,ООО 'ОптТорг',108,0.1,2028-08-25,Ряд 10-Стеллаж 49,46338.21,1
MND-000293,Отвертка A-43,Инструменты,ООО 'ОптТорг',302,5.0,2026-08-08,Ряд 12-Стеллаж 1,27698.53,120
APN-000294,Кроссовки C-199,Одежда,Компания 'Логистик',215,1.0,2030-06-24,Ряд 17-Стеллаж 10,8089.67,14
CRO-000295,Монитор Pro-975,Электроника,ООО 'ОптТорг',472,1.0,NULL,Ряд 3-Стеллаж 17,4955.21,30
IDR-000296,Куртка Max-599,Одежда,Компания 'Логистик',634,0.1,2028-01-21,Ряд 16-Стеллаж 29,16450.89,2
DOV-000297,Дрель Pro-474,Инструменты,ИП Иванов,4,0.5,2029-02-28,Ряд 14-Стеллаж 18,42013.5,5
LUM-000298,Футболка Max-78,Одежда,ИП Иванов,661,1.0,2027-07-23,Ряд 18-Стеллаж 13,13198.57,27
XWQ-000299,Свеча Max-794,Товары для дома,ИП Петрова,414,2.0,2027-04-08,Ряд 18-Стеллаж 17,27196.29,48
DKX-000300,Одеяло Lite-701,Товары для дома,Торговый дом 'Восточный',877,0.1,2028-09-02,Ряд 13-Стеллаж 24,25133.26,2
ENL-000301,Крупа A-271,Продукты питания,ИП Петрова,971,1.0,2026-11-11,Ряд 12-Стеллаж 3,10980.01,22
JBF-000302,Бумага Max-270,Канцтовары,АО 'РегионСнаб',480,5.0,NULL,Ряд 11-Стеллаж 7,35201.63,115
POJ-000303,Пила Pro-909,Инструменты,ООО 'ИмпортТрейд',601,1.0,2030-04-10,Ряд 8-Стеллаж 34,20321.82,18
PND-000304,Консервы Max-236,Продукты питания,Группа 'Мегаполис',78,0.5,2027-10-04,Ряд 5-Стеллаж 12,7910.0,13
KIC-000305,Лоток Lite-165,Зоотовары,ТД 'Универсал',490,0.1,2027-02-03,Ряд 14-Стеллаж 2,12221.33,1
DNX-000306,Консервы Max-746,Продукты питания,ООО 'Поставщик+',170,0.1,2026-11-28,Ряд 13-Стеллаж 39,48463.72,2
RHC-000307,Фильтр Lite-676,Автотовары,ИП Петрова,482,2.0,2026-06-29,Ряд 14-Стеллаж 39,7178.47,50
NER-000308,Аккумулятор B-621,Автотовары,ИП Петрова,604,0.1,2028-10-09,Ряд 1-Стеллаж 13,26159.43,2
CMP-000309,Наушники Lite-431,Электроника,ООО 'ОптТорг',515,2.0,2028-11-22,Ряд 20-Стеллаж 35,41384.71,56
JBN-000310,Стиральный порошок C-613,Бытовая химия,ТД 'Универсал',808,2.0,2028-09-17,Ряд 14-Стеллаж 9,12763.18,28
WKE-000311,Энциклопедия Pro-371,Книги,Торговый дом 'Восточный',808,0.1,NULL,Ряд 1-Стеллаж 25,32744.58,2
CLP-000312,Тональный крем Pro-184,Косметика,ООО 'ОптТорг',433,1.0,NULL,Ряд 13-Стеллаж 49,10224.5,24
JOG-000313,Крем B-521,Косметика,ИП Петрова,352,2.0,2028-10-30,Ряд 8-Стеллаж 29,39166.31,24
KIO-000314,Детектив A-66,Книги,ЗАО 'СкладСервис',723,0.1,2028-03-11,Ряд 3-Стеллаж 10,23609.85,2
GJP-000315,Детектив Pro-11,Книги,АО 'РегионСнаб',953,10.0,2029-10-08,Ряд 20-Стеллаж 4,47288.51,120
FRU-000316,Духи Max-1,Косметика,Группа 'Мегаполис',34,2.0,2029-06-18,Ряд 20-Стеллаж 11,33717.52,36
ZCH-000317,Ключ C-744,Инструменты,ООО 'ИмпортТрейд',685,0.5,NULL,Ряд 1-Стеллаж 48,35195.92,4
VXJ-000318,Тональный крем A-516,Косметика,Группа 'Мегаполис',620,5.0,2028-03-10,Ряд 9-Стеллаж 12,20386.37,50
HYU-000319,Тушь Pro-698,Косметика,ООО 'ОптТорг',832,2.0,2029-02-09,Ряд 15-Стеллаж 25,28180.27,28
LPA-000320,Кроссовки Lite-10,Одежда,Компания 'Логистик',69,0.5,2029-01-23,Ряд 8-Стеллаж 21,20650.68,9
SGH-000321,Дрель B-970,Инструменты,ЗАО 'СкладСервис',766,2.0,2029-03-01,Ряд 16-Стеллаж 21,17709.22,50
TYE-000322,Энциклопедия B-798,Книги,Группа 'Мегаполис',240,1.0,2027-09-29,Ряд 8-Стеллаж 13,41755.28,26
CXR-000323,Поводок Pro-188,Зоотовары,ТД 'Универсал',628,0.1,2030-11-13,Ряд 12-Стеллаж 40,15805.07,2
ZXH-000324,Моющее средство Pro-124,Бытовая химия,ИП Петрова,131,0.1,2028-05-06,Ряд 17-Стеллаж 23,19716.16,2
SLR-000325,Наушники Lite-352,Электроника,ЗАО 'СкладСервис',215,0.5,2029-08-14,Ряд 6-Стеллаж 36,13179.31,7
JMF-000326,Словарь A-739,Книги,ООО 'ИмпортТрейд',373,2.0,2028-06-05,Ряд 6-Стеллаж 37,6600.4,50
HGL-000327,Ключ Lite-738,Инструменты,Группа 'Мегаполис',149,2.0,NULL,Ряд 1-Стеллаж 12,21104.96,22
IMG-000328,Подушка Pro-763,Товары для дома,ООО 'Поставщик+',407,0.1,2026-04-08,Ряд 7-Стеллаж 17,23853.14,2
IJO-000329,Духи C-364,Косметика,ООО 'ИмпортТрейд',20,0.5,2029-04-12,Ряд 19-Стеллаж 37,32510.78,12
INU-000330,Аккумулятор Max-628,Автотовары,АО 'Торговый дом',390,1.0,2028-12-22,Ряд 6-Стеллаж 41,40395.47,17
OWB-000331,Чай C-766,Продукты питания,ООО 'ИмпортТрейд',233,0.5,NULL,Ряд 9-Стеллаж 39,32249.98,7
PZK-000332,Консервы A-960,Продукты питания,ООО 'Поставщик+',128,1.0,NULL,Ряд 3-Стеллаж 14,8387.18,10
WOA-000333,Дрель B-254,Инструменты,ООО 'ОптТорг',783,10.0,NULL,Ряд 5-Стеллаж 6,32758.89,190
TLD-000334,Коврик Lite-456,Спорттовары,ИП Иванов,29,0.1,2029-12-27,Ряд 16-Стеллаж 30,48750.33,2
DYO-000335,Посуда Pro-553,Товары для дома,ИП Петрова,467,1.0,2030-08-08,Ряд 17-Стеллаж 41,31994.44,16
FCI-000336,Пила Pro-307,Инструменты,Компания 'Логистик',159,0.5,2028-12-05,Ряд 12-Стеллаж 19,23486.44,3
ALH-000337,Шампунь Pro-226,Бытовая химия,ООО 'Поставщик+',561,0.5,2030-08-13,Ряд 13-Стеллаж 16,8205.31,15
GKG-000338,Одеяло C-114,Товары для дома,Торговый дом 'Восточный',701,0.1,2029-09-02,Ряд 14-Стеллаж 13,42681.43,1
QQH-000339,Посуда C-129,Товары для дома,ТД 'Универсал',192,0.5,2026-04-03,Ряд 18-Стеллаж 2,9337.58,5
SSG-000340,Макароны A-864,Продукты питания,ООО 'Поставщик+',505,0.1,2030-12-16,Ряд 12-Стеллаж 30,34861.89,0
TDG-000341,Отвертка Pro-790,Инструменты,АО 'Торговый дом',556,0.5,2027-11-13,Ряд 13-Стеллаж 1,6141.98,14
ZGZ-000342,Мыло B-645,Бытовая химия,ТД 'Универсал',752,2.0,2029-05-01,Ряд 16-Стеллаж 25,34088.04,32
STO-000343,Джинсы Max-445,Одежда,Компания 'Логистик',492,1.0,2028-03-05,Ряд 2-Стеллаж 43,10928.52,10
IEH-000344,Джинсы B-512,Одежда,АО 'РегионСнаб',808,0.1,2030-10-30,Ряд 20-Стеллаж 10,18601.36,0
CQY-000345,Лоток Max-775,Зоотовары,ООО 'Поставщик+',61,0.5,2026-12-08,Ряд 4-Стеллаж 9,24417.75,8
JXT-000346,Планшет Lite-714,Электроника,Торговый дом 'Восточный',386,0.5,2026-07-15,Ряд 2-Стеллаж 32,35345.97,12
MOO-000347,Бумага Lite-376,Канцтовары,Торговый дом 'Восточный',479,0.1,2029-01-23,Ряд 3-Стеллаж 34,7793.52,1
LUN-000348,Детектив B-537,Книги,ИП Иванов,904,0.1,2029-07-03,Ряд 11-Стеллаж 47,3213.92,2
RTE-000349,Духи A-207,Косметика,ООО 'ИмпортТрейд',419,1.0,NULL,Ряд 3-Стеллаж 3,41767.91,11
CEA-000350,Корм A-953,Зоотовары,АО 'РегионСнаб',673,0.5,2029-08-07,Ряд 2-Стеллаж 24,11075.1,14
XRY-000351,Куртка Lite-42,Одежда,ТД 'Универсал',820,1.0,2030-06-30,Ряд 12-Стеллаж 46,2962.09,26
TVC-000352,Моющее средство Lite-641,Бытовая химия,ООО 'ОптТорг',99,0.1,2028-08-27,Ряд 13-Стеллаж 13,9696.32,2
YOO-000353,Детектив Lite-346,Книги,АО 'Торговый дом',784,1.0,2030-07-23,Ряд 4-Стеллаж 11,39633.46,24
RNP-000354,Степлер Lite-220,Канцтовары,ООО 'ИмпортТрейд',563,10.0,2030-06-23,Ряд 14-Стеллаж 47,16206.37,140
JOT-000355,Ручка C-228,Канцтовары,ТД 'Универсал',458,5.0,2029-10-04,Ряд 20-Стеллаж 2,25904.59,80
FIU-000356,Словарь C-376,Книги,Компания 'Логистик',941,1.0,2029-01-11,Ряд 4-Стеллаж 3,23045.47,11
XGG-000357,Тональный крем A-610,Косметика,АО 'Торговый дом',584,0.5,2027-05-20,Ряд 11-Стеллаж 31,8686.48,14
QAV-000358,Ключ A-650,Инструменты,АО 'Торговый дом',798,0.1,2030-08-07,Ряд 14-Стеллаж 8,43495.84,1
UJH-000359,Наушники Lite-590,Электроника,ООО 'ИмпортТрейд',552,1.0,2029-05-27,Ряд 5-Стеллаж 4,33698.08,19
NFH-000360,Ключ Pro-793,Инструменты,ИП Иванов,135,0.5,2028-06-09,Ряд 18-Стеллаж 26,13164.77,9
STM-000361,Стиральный порошок C-796,Бытовая химия,ТД 'Универсал',404,1.0,2028-09-26,Ряд 20-Стеллаж 48,26236.18,14
LRO-000362,Джинсы C-632,Одежда,ЗАО 'СкладСервис',423,0.5,NULL,Ряд 12-Стеллаж 39,32787.72,8
VUQ-000363,Масло Max-56,Автотовары,ООО 'Поставщик+',946,2.0,2029-01-31,Ряд 12-Стеллаж 10,37898.8,18
GQD-000364,Духи B-560,Косметика,ООО 'Поставщик+',351,1.0,2030-10-21,Ряд 1-Стеллаж 22,10490.03,24
NGM-000365,Словарь Max-633,Книги,ИП Иванов,711,1.0,2031-02-12,Ряд 2-Стеллаж 17,8557.47,16
HMY-000366,Платье B-390,Одежда,АО 'РегионСнаб',676,0.1,2028-10-07,Ряд 1-Стеллаж 19,43377.15,2
NSX-000367,Масло B-945,Автотовары,ИП Петрова,544,0.1,2028-07-26,Ряд 15-Стеллаж 36,46321.18,0
NIK-000368,Макароны Pro-912,Продукты питания,ООО 'Поставщик+',355,1.0,2029-06-27,Ряд 17-Стеллаж 18,40604.05,27
ZZY-000369,Духи Pro-247,Косметика,Группа 'Мегаполис',155,0.5,2028-08-27,Ряд 13-Стеллаж 34,48032.25,13
OLI-000370,Одеяло C-706,Товары для дома,ООО 'ИмпортТрейд',459,0.5,2028-12-29,Ряд 5-Стеллаж 38,27090.62,6
SND-000371,Консервы B-326,Продукты питания,ЗАО 'СкладСервис',955,1.0,2026-08-18,Ряд 3-Стеллаж 36,26671.43,30
VDA-000372,Тетрадь A-781,Канцтовары,АО 'РегионСнаб',984,0.5,2029-09-12,Ряд 5-Стеллаж 50,9437.28,5
ZQP-000373,Картина Lite-481,Товары для дома,Группа 'Мегаполис',610,0.1,NULL,Ряд 3-Стеллаж 45,39002.32,1
SJW-000374,Аккумулятор B-761,Автотовары,ТД 'Универсал',140,0.1,2027-04-04,Ряд 14-Стеллаж 49,48442.31,1
RFF-000375,Кофе Max-845,Продукты питания,ТД 'Универсал',887,1.0,2030-09-24,Ряд 8-Стеллаж 28,20273.1,8
JIP-000376,Словарь Lite-551,Книги,ИП Петрова,608,0.5,2028-05-18,Ряд 17-Стеллаж 7,22607.9,4
KTO-000377,Велосипед B-433,Спорттовары,ЗАО 'СкладСервис',985,0.1,2028-05-25,Ряд 13-Стеллаж 20,38695.17,1
HXR-000378,Кофе B-403,Продукты питания,ТД 'Универсал',849,1.0,2028-10-18,Ряд 6-Стеллаж 50,29293.11,29
KLE-000379,Одеяло Max-751,Товары для дома,Торговый дом 'Восточный',917,0.1,NULL,Ряд 11-Стеллаж 45,32446.39,2
DCL-000380,Ручка B-935,Канцтовары,АО 'Торговый дом',536,1.0,2031-01-12,Ряд 20-Стеллаж 11,18965.0,19
IWW-000381,Крупа B-4,Продукты питания,ИП Иванов,183,2.0,2029-11-24,Ряд 15-Стеллаж 19,31341.32,20
QGL-000382,Аккумулятор A-616,Автотовары,ООО 'ОптТорг',826,0.1,NULL,Ряд 19-Стеллаж 43,23811.81,2
PGO-000383,Подушка B-875,Товары для дома,ЗАО 'СкладСервис',570,2.0,2027-04-21,Ряд 6-Стеллаж 10,2800.44,36
APP-000384,Степлер Lite-807,Канцтовары,АО 'Торговый дом',50,0.1,2026-05-30,Ряд 10-Стеллаж 40,33063.18,2
OZT-000385,Ручка C-483,Канцтовары,ООО 'Поставщик+',95,2.0,2030-04-16,Ряд 3-Стеллаж 49,21394.83,48
DSH-000386,Лыжи A-496,Спорттовары,АО 'РегионСнаб',537,0.1,2028-11-17,Ряд 2-Стеллаж 7,28589.79,2
SPU-000387,Фантастика Lite-509,Книги,Компания 'Логистик',437,1.0,NULL,Ряд 19-Стеллаж 40,17724.97,11
NQM-000388,Крупа Lite-425,Продукты питания,ИП Петрова,238,1.0,2027-03-03,Ряд 4-Стеллаж 2,23271.04,10
KIO-000389,Поводок A-117,Зоотовары,Группа 'Мегаполис',11,1.0,NULL,Ряд 3-Стеллаж 20,15049.19,24
RIS-000390,Одеяло Max-472,Товары для дома,ООО 'Поставщик+',852,0.1,2030-11-07,Ряд 16-Стеллаж 3,32300.33,2
XNI-000391,Ключ Max-340,Инструменты,Торговый дом 'Восточный',57,2.0,2028-09-30,Ряд 11-Стеллаж 36,26817.48,26
UXJ-000392,Консервы C-723,Продукты питания,Компания 'Логистик',860,0.1,2029-02-03,Ряд 19-Стеллаж 39,19508.84,2
WSH-000393,Куртка A-797,Одежда,ТД 'Универсал',898,0.1,2029-11-10,Ряд 7-Стеллаж 34,15150.8,1
FCN-000394,Дворники Max-136,Автотовары,ООО 'ОптТорг',157,0.1,2031-02-06,Ряд 10-Стеллаж 50,16400.53,1
FAK-000395,Лыжи Max-764,Спорттовары,АО 'Торговый дом',4,0.5,2028-08-26,Ряд 11-Стеллаж 30,44464.83,5
IPI-000396,Мыло B-162,Бытовая химия,ООО 'ИмпортТрейд',205,0.1,2028-08-28,Ряд 11-Стеллаж 50,22083.73,1
HAQ-000397,Коврик Lite-914,Спорттовары,АО 'Торговый дом',211,0.5,2028-12-15,Ряд 10-Стеллаж 37,12279.01,4
ILD-000398,Аккумулятор Lite-365,Автотовары,ЗАО 'СкладСервис',51,0.1,NULL,Ряд 13-Стеллаж 12,35248.65,2
IVS-000399,Клетка Pro-238,Зоотовары,ООО 'ОптТорг',80,5.0,2028-09-07,Ряд 15-Стеллаж 7,22806.43,140
YDX-000400,Крем C-491,Косметика,ООО 'ИмпортТрейд',401,0.1,2029-12-26,Ряд 15-Стеллаж 32,1561.69,2
LET-000401,Картина Pro-411,Товары для дома,ИП Петрова,130,0.5,2028-10-06,Ряд 11-Стеллаж 36,32490.1,8
PGG-000402,Кофе C-558,Продукты питания,ТД 'Универсал',393,0.1,2029-02-09,Ряд 19-Стеллаж 28,39226.48,2
SER-000403,Словарь C-979,Книги,Торговый дом 'Восточный',587,2.0,2030-10-05,Ряд 11-Стеллаж 36,4927.81,42
KPR-000404,Подушка B-677,Товары для дома,АО 'РегионСнаб',335,0.5,NULL,Ряд 7-Стеллаж 9,44368.71,13
DNK-000405,Подушка Lite-9,Товары для дома,ТД 'Универсал',200,0.1,NULL,Ряд 10-Стеллаж 28,35903.67,1
PNW-000406,Крем B-443,Косметика,ООО 'Поставщик+',378,5.0,NULL,Ряд 18-Стеллаж 23,5529.43,80
SKI-000407,Пила C-861,Инструменты,АО 'РегионСнаб',390,0.5,2029-01-08,Ряд 6-Стеллаж 31,6996.49,12
KHW-000408,Консервы B-658,Продукты питания,ИП Иванов,11,0.1,NULL,Ряд 16-Стеллаж 43,21864.92,1
UWX-000409,Детектив C-232,Книги,ИП Петрова,952,0.5,2026-10-27,Ряд 17-Стеллаж 28,27624.9,10
EPP-000410,Энциклопедия A-595,Книги,Группа 'Мегаполис',729,0.5,2030-03-22,Ряд 2-Стеллаж 3,28429.07,14
MRD-000411,Роман B-484,Книги,ООО 'ОптТорг',879,10.0,2028-06-20,Ряд 17-Стеллаж 6,26191.67,260
QRR-000412,Клетка Pro-525,Зоотовары,ЗАО 'СкладСервис',552,2.0,2028-11-18,Ряд 2-Стеллаж 22,26774.91,14
XOI-000413,Степлер B-587,Канцтовары,Компания 'Логистик',296,0.1,2029-11-13,Ряд 19-Стеллаж 17,3117.82,2
BZV-000414,Посуда C-879,Товары для дома,ООО 'Поставщик+',293,0.5,2026-11-22,Ряд 3-Стеллаж 18,12639.95,13
GTP-000415,Подушка C-87,Товары для дома,Торговый дом 'Восточный',154,1.0,2029-08-18,Ряд 8-Стеллаж 32,9081.42,23
ZPV-000416,Масло Max-271,Автотовары,АО 'РегионСнаб',788,0.5,2029-02-06,Ряд 7-Стеллаж 37,36731.34,9
TDE-000417,Пила A-296,Инструменты,ТД 'Универсал',308,0.5,NULL,Ряд 13-Стеллаж 31,13168.13,11
YLR-000418,Коврик C-822,Спорттовары,ЗАО 'СкладСервис',978,0.1,2030-08-02,Ряд 20-Стеллаж 42,42924.87,1
CRK-000419,Поводок Lite-11,Зоотовары,Торговый дом 'Восточный',247,1.0,2031-01-29,Ряд 11-Стеллаж 44,34529.4,12
RVA-000420,Кроссовки A-59,Одежда,ООО 'ОптТорг',106,1.0,NULL,Ряд 10-Стеллаж 17,9694.32,7
YRV-000421,Картина B-918,Товары для дома,ЗАО 'СкладСервис',124,1.0,NULL,Ряд 20-Стеллаж 9,18829.12,27
CEH-000422,Поводок A-392,Зоотовары,АО 'Торговый дом',654,0.5,2028-05-12,Ряд 11-Стеллаж 17,8140.2,4
KZG-000423,Духи Lite-788,Косметика,ИП Иванов,451,0.1,2028-11-15,Ряд 13-Стеллаж 12,32291.88,1
LPC-000424,Фильтр Max-656,Автотовары,Торговый дом 'Восточный',265,0.1,NULL,Ряд 9-Стеллаж 50,22321.81,2
AAK-000425,Консервы Lite-232,Продукты питания,Торговый дом 'Восточный',337,5.0,NULL,Ряд 16-Стеллаж 31,21831.08,150
AYV-000426,Масло C-548,Автотовары,АО 'Торговый дом',580,0.5,2029-11-11,Ряд 13-Стеллаж 4,31632.01,13
WIV-000427,Тушь Pro-87,Косметика,ЗАО 'СкладСервис',207,0.1,2029-03-27,Ряд 10-Стеллаж 45,19535.73,1
XLE-000428,Планшет Pro-547,Электроника,Группа 'Мегаполис',25,1.0,NULL,Ряд 13-Стеллаж 5,39647.32,27
ZVZ-000429,Монитор Pro-963,Электроника,ООО 'Поставщик+',347,0.1,NULL,Ряд 4-Стеллаж 14,40364.83,2
RWD-000430,Подушка B-719,Товары для дома,Группа 'Мегаполис',947,0.1,NULL,Ряд 1-Стеллаж 31,45363.58,2
QAQ-000431,Духи A-824,Косметика,АО 'Торговый дом',467,1.0,NULL,Ряд 4-Стеллаж 8,24882.32,26
FIV-000432,Словарь C-65,Книги,ЗАО 'СкладСервис',411,0.5,2028-12-07,Ряд 11-Стеллаж 14,38223.18,12
DDK-000433,Фантастика Pro-797,Книги,ООО 'ИмпортТрейд',566,0.1,2028-10-17,Ряд 2-Стеллаж 9,5043.39,2
EWC-000434,Ноутбук B-147,Электроника,ИП Иванов,948,0.1,2029-10-03,Ряд 14-Стеллаж 45,40380.22,2
QNK-000435,Макароны Pro-5,Продукты питания,ИП Петрова,708,0.1,2026-11-19,Ряд 20-Стеллаж 6,31378.22,1
OEZ-000436,Джинсы Max-865,Одежда,ИП Петрова,370,2.0,2030-10-07,Ряд 7-Стеллаж 18,2700.8,20
ZME-000437,Корм A-759,Зоотовары,ООО 'Поставщик+',55,1.0,2027-10-02,Ряд 14-Стеллаж 17,16748.02,21
BNE-000438,Планшет B-798,Электроника,ТД 'Универсал',527,0.1,2028-05-30,Ряд 19-Стеллаж 38,16332.32,1
CFG-000439,Пила B-397,Инструменты,Группа 'Мегаполис',384,2.0,2030-11-18,Ряд 2-Стеллаж 28,7289.82,52
JLF-000440,Папка Pro-176,Канцтовары,Компания 'Логистик',207,0.5,2028-07-01,Ряд 9-Стеллаж 9,5599.91,10
TFH-000441,Чай B-606,Продукты питания,ЗАО 'СкладСервис',975,1.0,2026-12-29,Ряд 18-Стеллаж 15,4369.39,23
MMA-000442,Пила A-42,Инструменты,Торговый дом 'Восточный',893,0.1,2029-05-30,Ряд 19-Стеллаж 10,45692.05,0
ZTN-000443,Пила B-136,Инструменты,ООО 'ОптТорг',403,0.5,2030-09-13,Ряд 16-Стеллаж 16,4200.42,3
JGZ-000444,Наушники B-809,Электроника,ТД 'Универсал',685,0.5,2028-04-19,Ряд 15-Стеллаж 30,38603.16,14
WQS-000445,Монитор Lite-590,Электроника,ЗАО 'СкладСервис',72,0.5,2028-05-06,Ряд 10-Стеллаж 28,37656.76,14
UUC-000446,Ручка C-376,Канцтовары,Торговый дом 'Восточный',954,0.1,2028-06-14,Ряд 4-Стеллаж 25,18311.26,2
EOB-000447,Словарь Max-780,Книги,Группа 'Мегаполис',141,10.0,2028-09-04,Ряд 4-Стеллаж 42,23950.75,250
FJG-000448,Лоток Max-846,Зоотовары,АО 'РегионСнаб',283,0.1,2030-11-21,Ряд 17-Стеллаж 34,41486.51,2
NHQ-000449,Поводок A-112,Зоотовары,Торговый дом 'Восточный',828,5.0,NULL,Ряд 15-Стеллаж 6,4054.51,60
ECD-000450,Чай Max-661,Продукты питания,Группа 'Мегаполис',533,5.0,NULL,Ряд 18-Стеллаж 9,23721.55,100
AEA-000451,Шампунь Pro-312,Бытовая химия,ООО 'ОптТорг',660,0.5,2029-12-29,Ряд 16-Стеллаж 38,33309.47,11
OXH-000452,Тональный крем B-729,Косметика,Группа 'Мегаполис',495,0.5,2027-04-19,Ряд 5-Стеллаж 23,14254.88,6
NEE-000453,Фантастика B-452,Книги,Торговый дом 'Восточный',926,1.0,2026-05-30,Ряд 8-Стеллаж 8,2105.52,17
GEO-000454,Планшет A-943,Электроника,ЗАО 'СкладСервис',324,5.0,2026-09-15,Ряд 15-Стеллаж 35,48774.51,120
AYT-000455,Шина Lite-683,Автотовары,ООО 'ИмпортТрейд',159,0.1,2031-01-04,Ряд 11-Стеллаж 42,35287.3,2
DOX-000456,Дворники B-457,Автотовары,ООО 'ИмпортТрейд',705,0.1,2028-12-11,Ряд 18-Стеллаж 8,15438.71,1
JIP-000457,Стиральный порошок Lite-404,Бытовая химия,ИП Петрова,539,0.1,2027-09-18,Ряд 1-Стеллаж 6,26943.69,2
FIP-000458,Планшет C-457,Электроника,ЗАО 'СкладСервис',369,0.5,2030-03-28,Ряд 13-Стеллаж 24,658.93,9
WCS-000459,Дворники Lite-89,Автотовары,Торговый дом 'Восточный',425,2.0,2027-08-16,Ряд 14-Стеллаж 47,44826.62,22
DHZ-000460,Велосипед B-570,Спорттовары,ООО 'ИмпортТрейд',67,5.0,2028-08-29,Ряд 1-Стеллаж 27,31958.36,75
MOX-000461,Шампунь B-28,Бытовая химия,ИП Иванов,852,0.5,2029-11-09,Ряд 19-Стеллаж 20,24730.32,15
UEH-000462,Игрушка A-123,Зоотовары,ЗАО 'СкладСервис',483,0.1,2030-07-03,Ряд 6-Стеллаж 32,45344.32,2
TMZ-000463,Картина Max-590,Товары для дома,Торговый дом 'Восточный',370,1.0,2029-08-11,Ряд 16-Стеллаж 45,40923.13,18
AGP-000464,Макароны A-297,Продукты питания,ООО 'ИмпортТрейд',472,2.0,2026-09-07,Ряд 6-Стеллаж 4,13669.88,40
HQB-000465,Мыло A-548,Бытовая химия,ЗАО 'СкладСервис',187,2.0,2029-12-21,Ряд 11-Стеллаж 44,40003.87,30
PVA-000466,Гантели Lite-629,Спорттовары,Компания 'Логистик',381,2.0,2029-01-28,Ряд 4-Стеллаж 14,7770.02,28
RYV-000467,Энциклопедия C-708,Книги,ООО 'ОптТорг',719,2.0,2028-08-04,Ряд 4-Стеллаж 9,46174.32,44
JVX-000468,Одеяло Max-146,Товары для дома,ООО 'ОптТорг',781,5.0,2026-08-11,Ряд 1-Стеллаж 48,40737.98,70
RHF-000469,Футболка A-813,Одежда,АО 'РегионСнаб',707,2.0,NULL,Ряд 16-Стеллаж 49,21590.81,26
RPM-000470,Духи Max-360,Косметика,ООО 'Поставщик+',67,0.5,2028-11-09,Ряд 20-Стеллаж 14,29400.77,6
ADT-000471,Крем Lite-223,Косметика,ИП Петрова,356,0.5,2029-07-09,Ряд 17-Стеллаж 37,3463.44,12
SZE-000472,Велосипед Max-981,Спорттовары,ООО 'Поставщик+',996,1.0,2028-07-30,Ряд 16-Стеллаж 24,34921.74,12
CVZ-000473,Пила C-722,Инструменты,Группа 'Мегаполис',526,0.1,2029-12-04,Ряд 4-Стеллаж 30,5560.29,1
HSC-000474,Фильтр A-917,Автотовары,АО 'Торговый дом',394,0.1,2030-08-27,Ряд 8-Стеллаж 36,20393.75,2
VMR-000475,Кофе A-760,Продукты питания,ООО 'Поставщик+',690,0.5,2031-02-04,Ряд 3-Стеллаж 8,7211.21,9
YZB-000476,Мыло Max-966,Бытовая химия,ООО 'ИмпортТрейд',205,1.0,NULL,Ряд 14-Стеллаж 47,24980.55,29
KMP-000477,Отвертка A-102,Инструменты,ТД 'Универсал',523,0.1,NULL,Ряд 9-Стеллаж 32,24888.83,2
TVM-000478,Монитор Pro-812,Электроника,ИП Иванов,391,1.0,NULL,Ряд 20-Стеллаж 40,4861.86,9
MHM-000479,Велосипед Pro-471,Спорттовары,Компания 'Логистик',555,0.5,2028-05-04,Ряд 14-Стеллаж 8,19212.31,8
AER-000480,Помада Max-568,Косметика,Торговый дом 'Восточный',168,0.5,2026-08-15,Ряд 13-Стеллаж 32,38212.36,12
ROM-000481,Макароны A-29,Продукты питания,ООО 'ОптТорг',57,0.5,2030-04-13,Ряд 20-Стеллаж 44,17670.55,8
PDJ-000482,Энциклопедия A-678,Книги,ИП Петрова,27,2.0,2028-09-16,Ряд 14-Стеллаж 23,49597.68,40
GGI-000483,Платье Lite-528,Одежда,Торговый дом 'Восточный',67,2.0,2028-04-10,Ряд 18-Стеллаж 21,1917.01,56
XGS-000484,Посуда Pro-515,Товары для дома,ООО 'Поставщик+',324,0.5,2028-09-17,Ряд 16-Стеллаж 7,34558.66,6
VRE-000485,Тушь Lite-412,Косметика,ООО 'ИмпортТрейд',992,0.5,2028-08-02,Ряд 18-Стеллаж 14,14403.41,4
UQY-000486,Энциклопедия A-668,Книги,ИП Петрова,97,1.0,2027-05-09,Ряд 19-Стеллаж 34,23789.65,13
VNH-000487,Игрушка A-643,Зоотовары,ООО 'ОптТорг',320,0.1,NULL,Ряд 17-Стеллаж 30,33594.43,2
SWO-000488,Стиральный порошок Lite-206,Бытовая химия,ЗАО 'СкладСервис',985,2.0,NULL,Ряд 18-Стеллаж 40,42646.09,40
JDD-000489,Игрушка C-704,Зоотовары,Компания 'Логистик',864,0.5,2028-07-10,Ряд 7-Стеллаж 27,13383.39,8
PKC-000490,Стиральный порошок B-164,Бытовая химия,ООО 'Поставщик+',251,2.0,2028-06-19,Ряд 16-Стеллаж 36,49565.09,40
HAU-000491,Тушь Lite-306,Косметика,ЗАО 'СкладСервис',563,0.1,2030-11-21,Ряд 1-Стеллаж 4,42986.22,0
WXK-000492,Ручка Lite-681,Канцтовары,ЗАО 'СкладСервис',673,2.0,2028-12-13,Ряд 8-Стеллаж 8,28570.12,46
VYY-000493,Помада Max-762,Косметика,ТД 'Универсал',905,0.1,NULL,Ряд 11-Стеллаж 22,41625.09,3
GKD-000494,Консервы C-559,Продукты питания,Группа 'Мегаполис',993,0.1,NULL,Ряд 19-Стеллаж 4,24543.41,1
LRZ-000495,Консервы Max-940,Продукты питания,ООО 'ИмпортТрейд',486,1.0,2027-03-23,Ряд 20-Стеллаж 3,42081.57,28
UGO-000496,Тушь C-93,Косметика,ЗАО 'СкладСервис',981,1.0,NULL,Ряд 8-Стеллаж 29,19454.13,19
YTH-000497,Чай Max-423,Продукты питания,ТД 'Универсал',646,0.5,2028-05-09,Ряд 9-Стеллаж 6,41168.73,11
YIK-000498,Джинсы Max-455,Одежда,ИП Иванов,715,0.1,2029-12-30,Ряд 15-Стеллаж 45,1416.18,0
UDK-000499,Игрушка Lite-703,Зоотовары,Компания 'Логистик',321,1.0,NULL,Ряд 17-Стеллаж 46,48484.75,27
KYL-000500,Детектив Pro-968,Книги,ИП Иванов,266,0.1,2029-09-29,Ряд 7-Стеллаж 6,20754.1,1
VOA-000501,Смартфон Pro-633,Электроника,ООО 'ОптТорг',662,1.0,2027-06-01,Ряд 15-Стеллаж 13,13126.07,12
LGC-000502,Тетрадь B-969,Канцтовары,ИП Иванов,969,1.0,2030-08-09,Ряд 15-Стеллаж 44,24732.74,14
WUH-000503,Аккумулятор B-419,Автотовары,АО 'РегионСнаб',133,0.5,2028-11-05,Ряд 7-Стеллаж 19,36349.07,6
UAZ-000504,Шампунь Max-218,Бытовая химия,ИП Петрова,461,5.0,2030-09-25,Ряд 3-Стеллаж 1,23470.64,85
SST-000505,Тональный крем Max-767,Косметика,АО 'Торговый дом',97,1.0,2029-06-24,Ряд 16-Стеллаж 23,49837.13,28
VAN-000506,Отвертка Lite-505,Инструменты,Компания 'Логистик',1000,0.5,NULL,Ряд 18-Стеллаж 3,29045.32,7
YWD-000507,Бумага Max-370,Канцтовары,Торговый дом 'Восточный',543,0.5,2027-06-29,Ряд 11-Стеллаж 3,48926.9,11
YHW-000508,Свеча A-194,Товары для дома,Компания 'Логистик',529,0.5,2026-08-17,Ряд 16-Стеллаж 49,47505.03,12
DFA-000509,Тональный крем Pro-469,Косметика,ИП Иванов,722,0.5,2030-12-09,Ряд 2-Стеллаж 29,17858.18,14
MVW-000510,Кроссовки Max-600,Одежда,ООО 'ИмпортТрейд',95,0.1,2027-09-02,Ряд 6-Стеллаж 48,25461.45,1
FZA-000511,Подушка Pro-383,Товары для дома,ИП Иванов,426,5.0,2028-07-24,Ряд 4-Стеллаж 22,1346.81,140
PYV-000512,Консервы Max-638,Продукты питания,ООО 'Поставщик+',83,0.5,2030-09-16,Ряд 9-Стеллаж 39,32917.41,8
YIT-000513,Фантастика Pro-95,Книги,ИП Петрова,132,0.1,2029-10-01,Ряд 11-Стеллаж 4,37202.81,2
KEZ-000514,Отвертка A-306,Инструменты,АО 'Торговый дом',21,2.0,2026-09-23,Ряд 13-Стеллаж 19,32376.04,54
MLU-000515,Помада Pro-275,Косметика,ЗАО 'СкладСервис',617,0.1,NULL,Ряд 12-Стеллаж 33,10033.57,2
OKT-000516,Тетрадь Max-703,Канцтовары,ИП Петрова,190,0.5,NULL,Ряд 17-Стеллаж 22,48664.93,14
SYN-000517,Поводок B-536,Зоотовары,ООО 'ОптТорг',85,0.1,NULL,Ряд 16-Стеллаж 20,7472.9,1
LOO-000518,Смартфон Lite-17,Электроника,ООО 'ОптТорг',110,0.5,NULL,Ряд 19-Стеллаж 17,17805.11,12
CRE-000519,Чай Lite-828,Продукты питания,АО 'РегионСнаб',46,0.1,NULL,Ряд 19-Стеллаж 47,22777.16,2
GZW-000520,Чай A-14,Продукты питания,Группа 'Мегаполис',189,0.1,NULL,Ряд 4-Стеллаж 28,26742.08,0
EMR-000521,Клетка C-90,Зоотовары,Торговый дом 'Восточный',616,1.0,2028-11-24,Ряд 20-Стеллаж 24,34548.58,29
DAC-000522,Монитор B-89,Электроника,Торговый дом 'Восточный',993,0.1,NULL,Ряд 5-Стеллаж 42,12126.92,2
HMM-000523,Ноутбук B-302,Электроника,АО 'Торговый дом',170,5.0,2030-11-19,Ряд 16-Стеллаж 2,42996.83,125
OVB-000524,Смартфон Pro-410,Электроника,АО 'Торговый дом',645,2.0,2030-12-11,Ряд 19-Стеллаж 39,36567.37,32
MPP-000525,Клетка Pro-120,Зоотовары,ТД 'Универсал',237,1.0,NULL,Ряд 19-Стеллаж 21,27685.12,15
MYJ-000526,Фантастика Max-348,Книги,АО 'РегионСнаб',21,0.1,NULL,Ряд 12-Стеллаж 29,11643.55,1
XWS-000527,Дворники B-290,Автотовары,ИП Иванов,904,0.1,2030-07-02,Ряд 12-Стеллаж 31,39997.77,1
RCM-000528,Консервы C-903,Продукты питания,Группа 'Мегаполис',160,1.0,2030-12-07,Ряд 10-Стеллаж 16,10511.18,8
GRE-000529,Коврик C-804,Спорттовары,ООО 'Поставщик+',826,0.1,NULL,Ряд 8-Стеллаж 8,28120.97,2
JBW-000530,Крем Lite-625,Косметика,ИП Иванов,873,1.0,2028-09-30,Ряд 2-Стеллаж 29,39959.39,10
UYV-000531,Монитор Pro-751,Электроника,ООО 'ОптТорг',107,0.1,2030-03-11,Ряд 6-Стеллаж 47,14641.54,2
WEJ-000532,Крупа A-273,Продукты питания,АО 'Торговый дом',868,0.1,2028-03-14,Ряд 8-Стеллаж 31,17098.94,2
JTJ-000533,Клетка Lite-814,Зоотовары,Группа 'Мегаполис',155,2.0,2029-06-11,Ряд 5-Стеллаж 28,20699.8,40
RYL-000534,Наушники A-403,Электроника,Торговый дом 'Восточный',825,0.5,NULL,Ряд 11-Стеллаж 26,49098.15,6
TRQ-000535,Картина C-739,Товары для дома,ООО 'Поставщик+',646,10.0,2029-10-27,Ряд 14-Стеллаж 26,44294.85,290
TXA-000536,Помада Max-354,Косметика,ООО 'ОптТорг',625,5.0,2029-04-25,Ряд 18-Стеллаж 40,39427.66,135
XUK-000537,Мыло Lite-349,Бытовая химия,Компания 'Логистик',86,0.1,2028-11-14,Ряд 17-Стеллаж 35,14232.2,0
TEA-000538,Коврик Max-520,Спорттовары,ИП Петрова,264,0.1,2028-05-07,Ряд 17-Стеллаж 8,36612.71,1
JBQ-000539,Кроссовки Lite-240,Одежда,ТД 'Универсал',305,1.0,2029-06-27,Ряд 19-Стеллаж 37,35746.62,27
JHU-000540,Энциклопедия Pro-101,Книги,ИП Петрова,688,0.1,2029-07-21,Ряд 4-Стеллаж 21,25846.77,1
DLK-000541,Кроссовки Lite-532,Одежда,ООО 'Поставщик+',435,2.0,NULL,Ряд 3-Стеллаж 24,33857.28,38
UWP-000542,Клетка B-992,Зоотовары,АО 'РегионСнаб',450,1.0,2030-07-02,Ряд 6-Стеллаж 10,25314.01,22
SWD-000543,Стиральный порошок A-379,Бытовая химия,ТД 'Универсал',484,0.1,2026-12-20,Ряд 12-Стеллаж 8,30099.93,2
OBD-000544,Ручка C-911,Канцтовары,Компания 'Логистик',383,0.5,NULL,Ряд 5-Стеллаж 10,39200.44,10
HET-000545,Наушники Max-854,Электроника,АО 'Торговый дом',560,0.5,2029-11-25,Ряд 19-Стеллаж 29,45019.35,9
PTN-000546,Дворники A-982,Автотовары,ТД 'Универсал',683,0.5,2030-06-17,Ряд 13-Стеллаж 15,45017.21,8
RLH-000547,Футболка B-979,Одежда,ИП Иванов,724,0.1,2029-11-23,Ряд 18-Стеллаж 42,6232.89,2
QOB-000548,Одеяло B-850,Товары для дома,ООО 'ОптТорг',193,2.0,2028-11-02,Ряд 18-Стеллаж 12,48120.72,30
SXL-000549,Лыжи C-392,Спорттовары,ИП Петрова,328,0.5,2028-04-17,Ряд 11-Стеллаж 28,9066.37,3
GCC-000550,Макароны B-28,Продукты питания,Компания 'Логистик',147,0.1,NULL,Ряд 14-Стеллаж 44,8501.09,2
SHC-000551,Кофе B-505,Продукты питания,АО 'РегионСнаб',914,0.5,2028-11-03,Ряд 2-Стеллаж 13,12019.17,13
NNY-000552,Тушь Lite-987,Косметика,ООО 'Поставщик+',325,0.5,NULL,Ряд 1-Стеллаж 27,31695.39,3
PCT-000553,Поводок Lite-173,Зоотовары,ИП Иванов,311,1.0,NULL,Ряд 17-Стеллаж 14,39154.94,11
UNL-000554,Коврик Lite-257,Спорттовары,ТД 'Универсал',42,0.1,2029-10-14,Ряд 6-Стеллаж 1,3055.74,2
VJJ-000555,Поводок A-405,Зоотовары,Группа 'Мегаполис',599,2.0,2027-04-17,Ряд 6-Стеллаж 48,26727.76,18
SVS-000556,Духи Max-330,Косметика,АО 'РегионСнаб',215,1.0,2030-01-31,Ряд 9-Стеллаж 49,35402.32,15
ILP-000557,Наушники Pro-552,Электроника,Торговый дом 'Восточный',136,1.0,2028-03-09,Ряд 1-Стеллаж 44,8718.12,24
CWQ-000558,Велосипед B-860,Спорттовары,ООО 'Поставщик+',913,2.0,2028-11-08,Ряд 12-Стеллаж 25,41381.97,36
TSA-000559,Шина B-93,Автотовары,ООО 'ИмпортТрейд',958,0.1,NULL,Ряд 1-Стеллаж 49,14092.67,2
VQV-000560,Шампунь A-891,Бытовая химия,Группа 'Мегаполис',505,5.0,NULL,Ряд 20-Стеллаж 14,406.41,135
HNE-000561,Моющее средство C-956,Бытовая химия,ЗАО 'СкладСервис',756,1.0,2029-02-23,Ряд 3-Стеллаж 38,6455.91,9
OFN-000562,Крем C-443,Косметика,Группа 'Мегаполис',868,1.0,2029-07-31,Ряд 18-Стеллаж 30,147.65,20
VKD-000563,Велосипед C-6,Спорттовары,ТД 'Универсал',507,0.5,2029-06-03,Ряд 2-Стеллаж 18,45923.66,12
KIW-000564,Смартфон A-492,Электроника,Торговый дом 'Восточный',231,5.0,2029-07-25,Ряд 7-Стеллаж 11,16494.77,45
LAU-000565,Ручка Lite-635,Канцтовары,Компания 'Логистик',253,0.1,2028-02-13,Ряд 2-Стеллаж 22,26007.77,1
LCL-000566,Футболка C-626,Одежда,АО 'Торговый дом',997,0.1,2028-07-12,Ряд 5-Стеллаж 4,45959.83,2
QBR-000567,Лыжи A-465,Спорттовары,ООО 'Поставщик+',301,2.0,NULL,Ряд 14-Стеллаж 15,43235.91,56
JUW-000568,Подушка A-610,Товары для дома,АО 'Торговый дом',347,1.0,2030-09-16,Ряд 17-Стеллаж 22,29411.28,10
SPV-000569,Подушка B-320,Товары для дома,ИП Иванов,652,0.5,2030-08-28,Ряд 6-Стеллаж 16,6926.75,4
PNQ-000570,Бумага A-531,Канцтовары,Компания 'Логистик',597,2.0,2026-05-23,Ряд 16-Стеллаж 20,30186.31,32
PRB-000571,Коврик B-684,Спорттовары,ООО 'ОптТорг',879,0.1,NULL,Ряд 7-Стеллаж 41,45429.59,0
MRM-000572,Детектив B-943,Книги,ООО 'ИмпортТрейд',872,1.0,2030-07-06,Ряд 11-Стеллаж 11,5287.15,8
AFF-000573,Посуда A-76,Товары для дома,Группа 'Мегаполис',244,0.5,2030-04-09,Ряд 7-Стеллаж 26,9253.01,3
JOD-000574,Фильтр C-737,Автотовары,Группа 'Мегаполис',646,1.0,NULL,Ряд 1-Стеллаж 13,9931.36,12
EWG-000575,Мыло B-313,Бытовая химия,ООО 'Поставщик+',180,2.0,NULL,Ряд 5-Стеллаж 25,32760.72,20
LJJ-000576,Крупа B-546,Продукты питания,ООО 'ОптТорг',1000,2.0,2028-07-12,Ряд 4-Стеллаж 10,44142.02,22
JJP-000577,Поводок B-872,Зоотовары,Группа 'Мегаполис',943,0.1,2029-10-24,Ряд 5-Стеллаж 21,12396.22,2
NPM-000578,Фантастика C-511,Книги,АО 'Торговый дом',803,0.5,2029-02-06,Ряд 17-Стеллаж 25,37577.84,13
NES-000579,Гантели Pro-884,Спорттовары,Торговый дом 'Восточный',494,1.0,2030-05-31,Ряд 19-Стеллаж 42,1878.39,14
GFL-000580,Пила Lite-361,Инструменты,ИП Петрова,160,5.0,NULL,Ряд 3-Стеллаж 9,37593.56,80
FBN-000581,Папка B-272,Канцтовары,АО 'РегионСнаб',461,0.5,2030-12-14,Ряд 11-Стеллаж 18,19149.43,6
QJC-000582,Лыжи B-342,Спорттовары,ООО 'ОптТорг',559,1.0,2027-10-21,Ряд 4-Стеллаж 8,3613.87,8
FIH-000583,Поводок Pro-969,Зоотовары,Компания 'Логистик',195,1.0,2026-12-12,Ряд 9-Стеллаж 1,38515.3,16
KPR-000584,Аккумулятор B-529,Автотовары,ЗАО 'СкладСервис',524,10.0,2026-09-28,Ряд 8-Стеллаж 15,36180.63,130
POM-000585,Масло C-143,Автотовары,ООО 'ИмпортТрейд',810,0.1,2028-05-14,Ряд 14-Стеллаж 14,21962.11,2
PDY-000586,Монитор C-334,Электроника,ТД 'Универсал',829,1.0,2030-07-07,Ряд 14-Стеллаж 44,37643.68,29
POA-000587,Кофе Pro-193,Продукты питания,ИП Иванов,1000,5.0,2030-05-10,Ряд 13-Стеллаж 14,47437.2,45
MIZ-000588,Корм Pro-291,Зоотовары,Компания 'Логистик',95,0.1,2028-05-05,Ряд 20-Стеллаж 32,1390.58,1
FHN-000589,Фильтр Lite-429,Автотовары,ООО 'Поставщик+',377,0.5,2026-08-23,Ряд 14-Стеллаж 26,7893.92,5
MBY-000590,Моющее средство Lite-734,Бытовая химия,ИП Иванов,891,0.1,2030-10-29,Ряд 6-Стеллаж 39,28775.81,1
RHA-000591,Чай Lite-41,Продукты питания,ТД 'Универсал',65,2.0,2031-02-10,Ряд 11-Стеллаж 37,43968.01,42
THW-000592,Дворники Max-443,Автотовары,ООО 'ИмпортТрейд',717,2.0,2028-04-05,Ряд 20-Стеллаж 12,20781.89,24
LXE-000593,Посуда Max-939,Товары для дома,АО 'Торговый дом',402,1.0,NULL,Ряд 6-Стеллаж 18,44133.66,24
BSX-000594,Аккумулятор Pro-169,Автотовары,АО 'РегионСнаб',780,1.0,NULL,Ряд 4-Стеллаж 33,38338.63,17
GNM-000595,Футболка Max-940,Одежда,ЗАО 'СкладСервис',711,1.0,2030-05-27,Ряд 7-Стеллаж 26,1936.84,15
DRM-000596,Фильтр B-859,Автотовары,АО 'Торговый дом',84,0.5,2029-03-01,Ряд 15-Стеллаж 9,23565.85,7
ACH-000597,Мяч Max-546,Спорттовары,Торговый дом 'Восточный',400,0.1,2029-09-11,Ряд 5-Стеллаж 29,17936.45,1
FSV-000598,Велосипед B-952,Спорттовары,ЗАО 'СкладСервис',678,1.0,2029-11-22,Ряд 15-Стеллаж 4,29930.36,8
GXF-000599,Ноутбук Max-172,Электроника,АО 'РегионСнаб',28,10.0,2028-07-08,Ряд 8-Стеллаж 7,39856.36,280
BNV-000600,Ручка C-332,Канцтовары,ООО 'ОптТорг',641,0.1,2028-09-06,Ряд 13-Стеллаж 28,6084.16,1
EKI-000601,Дрель Lite-512,Инструменты,Группа 'Мегаполис',469,0.1,2030-03-26,Ряд 2-Стеллаж 5,44278.73,2
ZCN-000602,Посуда Max-494,Товары для дома,ИП Иванов,257,5.0,2030-05-05,Ряд 5-Стеллаж 22,8807.79,145
BAX-000603,Масло Lite-778,Автотовары,АО 'РегионСнаб',523,1.0,2028-07-29,Ряд 19-Стеллаж 46,49419.62,14
XIT-000604,Моющее средство Max-613,Бытовая химия,ИП Петрова,81,0.1,2029-04-18,Ряд 5-Стеллаж 25,10259.05,0
ZLW-000605,Макароны C-249,Продукты питания,Компания 'Логистик',325,1.0,2030-06-28,Ряд 10-Стеллаж 49,1233.48,30
FBX-000606,Стиральный порошок Pro-72,Бытовая химия,ЗАО 'СкладСервис',712,1.0,2031-02-01,Ряд 11-Стеллаж 12,22145.93,7
YBZ-000607,Шампунь C-169,Бытовая химия,ИП Иванов,93,0.1,2029-04-23,Ряд 8-Стеллаж 33,3954.32,3
SGE-000608,Шампунь Pro-172,Бытовая химия,Компания 'Логистик',292,1.0,NULL,Ряд 16-Стеллаж 6,47553.11,18
MKP-000609,Ключ Lite-157,Инструменты,ИП Иванов,839,5.0,NULL,Ряд 13-Стеллаж 28,42709.41,80
OEJ-000610,Духи A-14,Косметика,ТД 'Универсал',290,0.5,2030-01-12,Ряд 5-Стеллаж 46,23489.46,5
WSJ-000611,Пила A-944,Инструменты,АО 'РегионСнаб',962,0.5,2030-11-28,Ряд 10-Стеллаж 42,49376.73,4
DYE-000612,Пила Max-253,Инструменты,Компания 'Логистик',789,5.0,2030-11-26,Ряд 12-Стеллаж 45,2932.35,95
GAV-000613,Поводок B-617,Зоотовары,Торговый дом 'Восточный',692,0.1,2029-08-18,Ряд 20-Стеллаж 30,47216.05,1
PRE-000614,Платье C-709,Одежда,АО 'Торговый дом',659,1.0,2028-08-12,Ряд 17-Стеллаж 13,43806.51,12
HZR-000615,Дрель Max-215,Инструменты,ИП Петрова,315,1.0,2028-10-10,Ряд 19-Стеллаж 50,39886.82,11
YKI-000616,Макароны B-721,Продукты питания,ТД 'Универсал',1,0.1,2030-07-02,Ряд 10-Стеллаж 47,21575.93,1
DMN-000617,Куртка Pro-452,Одежда,ТД 'Универсал',580,2.0,2026-06-19,Ряд 2-Стеллаж 48,9177.33,26
QQW-000618,Чай Max-779,Продукты питания,АО 'Торговый дом',300,0.1,NULL,Ряд 11-Стеллаж 2,29303.04,2
CBT-000619,Планшет Pro-485,Электроника,ЗАО 'СкладСервис',596,2.0,NULL,Ряд 17-Стеллаж 1,18814.51,46
TPI-000620,Корм A-468,Зоотовары,ООО 'ИмпортТрейд',322,2.0,2030-04-15,Ряд 20-Стеллаж 4,48766.49,34
WKV-000621,Чай Lite-424,Продукты питания,ООО 'Поставщик+',616,0.1,NULL,Ряд 8-Стеллаж 24,22623.31,2
RAQ-000622,Степлер A-357,Канцтовары,ООО 'Поставщик+',648,0.5,2029-12-27,Ряд 15-Стеллаж 15,30357.81,9
LYY-000623,Лоток Max-517,Зоотовары,Торговый дом 'Восточный',926,0.1,NULL,Ряд 7-Стеллаж 46,7200.91,2
AMC-000624,Корм A-446,Зоотовары,ООО 'ОптТорг',895,0.5,2030-11-13,Ряд 18-Стеллаж 16,12205.63,6
ZAY-000625,Степлер Max-743,Канцтовары,АО 'РегионСнаб',784,0.1,NULL,Ряд 16-Стеллаж 43,6198.75,1
MUI-000626,Шампунь B-229,Бытовая химия,ИП Петрова,784,5.0,2030-04-12,Ряд 13-Стеллаж 42,32123.01,120
GHC-000627,Ручка C-64,Канцтовары,Торговый дом 'Восточный',606,5.0,2030-03-24,Ряд 5-Стеллаж 21,47705.73,125
PEK-000628,Молоток Pro-10,Инструменты,ООО 'ИмпортТрейд',789,0.5,2028-11-14,Ряд 17-Стеллаж 43,30100.8,7
NLD-000629,Крем Lite-328,Косметика,Группа 'Мегаполис',511,1.0,2027-01-10,Ряд 10-Стеллаж 10,37365.64,29
IZD-000630,Энциклопедия B-848,Книги,ИП Петрова,489,1.0,2028-07-20,Ряд 10-Стеллаж 46,48326.46,8
SWY-000631,Моющее средство A-562,Бытовая химия,Торговый дом 'Восточный',753,0.1,2026-11-13,Ряд 13-Стеллаж 20,49220.26,2
KKM-000632,Ручка B-332,Канцтовары,АО 'РегионСнаб',400,0.1,NULL,Ряд 7-Стеллаж 45,42819.8,1
TPU-000633,Словарь Max-201,Книги,Компания 'Логистик',468,1.0,NULL,Ряд 16-Стеллаж 19,44866.04,13
TAS-000634,Подушка C-998,Товары для дома,АО 'Торговый дом',694,2.0,2026-09-17,Ряд 14-Стеллаж 44,42090.92,16
MYD-000635,Велосипед Pro-310,Спорттовары,ЗАО 'СкладСервис',346,1.0,2027-01-24,Ряд 13-Стеллаж 16,1747.94,14
RYQ-000636,Молоток A-120,Инструменты,Торговый дом 'Восточный',814,1.0,2030-04-22,Ряд 9-Стеллаж 41,32677.11,18
CMR-000637,Велосипед C-586,Спорттовары,Группа 'Мегаполис',23,1.0,2028-09-10,Ряд 19-Стеллаж 12,19228.8,27
DIS-000638,Лыжи Max-839,Спорттовары,ИП Иванов,415,2.0,2031-02-19,Ряд 16-Стеллаж 5,25969.11,50
UDT-000639,Корм B-589,Зоотовары,АО 'Торговый дом',185,2.0,NULL,Ряд 18-Стеллаж 29,40035.62,20
FEO-000640,Смартфон Lite-927,Электроника,АО 'Торговый дом',127,0.5,2029-02-15,Ряд 14-Стеллаж 43,54.27,8
URL-000641,Одеяло A-193,Товары для дома,ТД 'Универсал',711,0.5,2031-01-10,Ряд 7-Стеллаж 45,4995.51,4
DWF-000642,Макароны Pro-666,Продукты питания,ИП Петрова,565,0.1,NULL,Ряд 20-Стеллаж 28,3764.26,1
XKC-000643,Духи Max-382,Косметика,ЗАО 'СкладСервис',435,5.0,2026-12-08,Ряд 7-Стеллаж 5,31496.93,75
OQN-000644,Кофе Pro-68,Продукты питания,АО 'РегионСнаб',841,0.1,2029-07-20,Ряд 3-Стеллаж 18,6274.83,1
ICX-000645,Помада A-802,Косметика,ИП Иванов,889,2.0,2027-03-12,Ряд 4-Стеллаж 25,48975.29,28
YES-000646,Духи C-970,Косметика,ИП Петрова,841,2.0,2029-09-29,Ряд 18-Стеллаж 18,30392.97,16
TEU-000647,Игрушка Max-130,Зоотовары,ООО 'ОптТорг',564,1.0,2028-11-17,Ряд 9-Стеллаж 1,34348.58,29
DOG-000648,Детектив C-818,Книги,ЗАО 'СкладСервис',997,0.5,2029-01-24,Ряд 20-Стеллаж 27,35354.0,6
MHY-000649,Мяч Max-82,Спорттовары,Торговый дом 'Восточный',902,5.0,2028-01-08,Ряд 3-Стеллаж 20,20355.41,85
BGC-000650,Одеяло Pro-510,Товары для дома,ООО 'Поставщик+',86,1.0,2028-03-22,Ряд 14-Стеллаж 44,25458.68,30
NZX-000651,Словарь Max-678,Книги,АО 'Торговый дом',415,0.1,2027-03-09,Ряд 14-Стеллаж 45,26739.52,1
YVW-000652,Лыжи C-976,Спорттовары,ЗАО 'СкладСервис',623,0.1,2031-02-06,Ряд 8-Стеллаж 12,3802.36,1
BME-000653,Джинсы A-756,Одежда,ООО 'ИмпортТрейд',935,1.0,2028-10-28,Ряд 10-Стеллаж 20,24182.08,15
QKX-000654,Поводок C-363,Зоотовары,ООО 'ОптТорг',845,2.0,2030-11-25,Ряд 2-Стеллаж 23,344.26,42
CJS-000655,Молоток Pro-8,Инструменты,ООО 'ИмпортТрейд',9,0.1,NULL,Ряд 17-Стеллаж 33,44930.57,2
ERF-000656,Пила B-144,Инструменты,ООО 'ИмпортТрейд',306,0.5,2026-12-08,Ряд 9-Стеллаж 7,49468.99,14
JLJ-000657,Словарь Max-204,Книги,Группа 'Мегаполис',113,0.1,NULL,Ряд 14-Стеллаж 48,16594.11,0
YYZ-000658,Платье B-113,Одежда,АО 'РегионСнаб',500,1.0,2029-12-26,Ряд 13-Стеллаж 33,36313.43,30
YUD-000659,Ручка Pro-492,Канцтовары,ООО 'ОптТорг',13,2.0,2027-04-24,Ряд 11-Стеллаж 28,48823.1,60
HMT-000660,Моющее средство Max-841,Бытовая химия,ИП Петрова,156,1.0,2026-07-14,Ряд 9-Стеллаж 50,5795.25,15
LMU-000661,Футболка B-411,Одежда,Торговый дом 'Восточный',747,0.5,2026-06-13,Ряд 19-Стеллаж 41,31742.14,7
AZY-000662,Отвертка C-437,Инструменты,ООО 'Поставщик+',631,0.1,2031-02-09,Ряд 10-Стеллаж 45,31683.83,1
MNQ-000663,Крем Max-763,Косметика,АО 'Торговый дом',275,0.5,2029-07-19,Ряд 11-Стеллаж 4,9128.49,3
IHH-000664,Картина B-340,Товары для дома,АО 'Торговый дом',441,0.1,2029-11-14,Ряд 4-Стеллаж 7,33463.93,2
JVT-000665,Одеяло Max-761,Товары для дома,ООО 'ОптТорг',619,0.5,NULL,Ряд 19-Стеллаж 25,4407.2,5
PBZ-000666,Клетка B-547,Зоотовары,Группа 'Мегаполис',197,1.0,NULL,Ряд 18-Стеллаж 40,17177.75,30
SBE-000667,Мяч Pro-430,Спорттовары,Торговый дом 'Восточный',258,2.0,2030-03-20,Ряд 15-Стеллаж 41,35880.43,40
NYU-000668,Крупа Max-835,Продукты питания,ИП Петрова,280,1.0,2026-08-04,Ряд 2-Стеллаж 37,3086.63,29
KRW-000669,Футболка B-586,Одежда,ИП Иванов,448,2.0,2030-05-09,Ряд 13-Стеллаж 39,13611.13,24
FSW-000670,Мяч B-230,Спорттовары,ТД 'Универсал',515,1.0,NULL,Ряд 8-Стеллаж 19,35427.32,24
BGB-000671,Макароны Max-620,Продукты питания,Компания 'Логистик',949,0.1,2029-07-23,Ряд 7-Стеллаж 35,5853.43,2
ZIY-000672,Гантели Max-989,Спорттовары,Компания 'Логистик',739,0.1,NULL,Ряд 2-Стеллаж 41,40805.31,1
HGA-000673,Игрушка C-276,Зоотовары,ИП Петрова,108,1.0,2029-08-10,Ряд 20-Стеллаж 36,10347.64,21
FQW-000674,Отвертка B-194,Инструменты,ИП Иванов,456,0.1,2028-12-29,Ряд 16-Стеллаж 6,24823.26,2
OYE-000675,Помада B-466,Косметика,ООО 'Поставщик+',317,0.1,2026-09-26,Ряд 20-Стеллаж 13,3519.23,0
XZC-000676,Мяч B-255,Спорттовары,ИП Иванов,744,2.0,2030-04-13,Ряд 13-Стеллаж 2,5546.27,14
UGY-000677,Свеча B-315,Товары для дома,ООО 'Поставщик+',811,5.0,2030-01-23,Ряд 3-Стеллаж 13,7004.54,125
IEB-000678,Словарь A-935,Книги,Компания 'Логистик',642,0.5,2028-09-27,Ряд 18-Стеллаж 19,5173.18,10
FFK-000679,Ручка C-366,Канцтовары,ЗАО 'СкладСервис',293,0.1,2028-10-17,Ряд 16-Стеллаж 11,49538.86,1
BIJ-000680,Куртка Lite-838,Одежда,ООО 'Поставщик+',619,0.1,2029-03-07,Ряд 14-Стеллаж 10,44661.22,2
HWH-000681,Фильтр Pro-458,Автотовары,ЗАО 'СкладСервис',377,5.0,2028-03-05,Ряд 5-Стеллаж 50,32809.91,85
SUM-000682,Платье C-327,Одежда,АО 'Торговый дом',591,0.5,NULL,Ряд 3-Стеллаж 21,49738.85,6
MMZ-000683,Свеча Lite-550,Товары для дома,ЗАО 'СкладСервис',341,0.1,2030-04-24,Ряд 14-Стеллаж 36,24880.26,2
VKP-000684,Молоток C-572,Инструменты,ООО 'ОптТорг',591,2.0,NULL,Ряд 3-Стеллаж 16,18117.39,26
MDC-000685,Папка B-216,Канцтовары,ООО 'ИмпортТрейд',869,2.0,2026-08-06,Ряд 15-Стеллаж 10,41770.85,48
VBD-000686,Фантастика A-489,Книги,Торговый дом 'Восточный',146,0.5,2030-07-18,Ряд 12-Стеллаж 4,35085.02,14
VWA-000687,Тетрадь Max-541,Канцтовары,ИП Иванов,80,0.1,2030-07-01,Ряд 5-Стеллаж 49,9162.1,3
SHK-000688,Степлер B-516,Канцтовары,ТД 'Универсал',800,1.0,NULL,Ряд 5-Стеллаж 4,44063.8,8
EKL-000689,Дворники Pro-974,Автотовары,ООО 'ОптТорг',728,2.0,2029-06-09,Ряд 14-Стеллаж 11,13627.79,18
DFQ-000690,Шампунь Pro-169,Бытовая химия,АО 'РегионСнаб',188,2.0,2028-08-06,Ряд 15-Стеллаж 31,15693.82,54
BJL-000691,Крем A-217,Косметика,АО 'Торговый дом',106,0.1,2030-01-17,Ряд 1-Стеллаж 16,14146.24,2
PTI-000692,Велосипед A-50,Спорттовары,Группа 'Мегаполис',653,5.0,2027-12-02,Ряд 3-Стеллаж 37,28261.6,125
IYA-000693,Ручка C-418,Канцтовары,Компания 'Логистик',981,0.5,2028-01-18,Ряд 13-Стеллаж 47,17824.07,5
XNN-000694,Консервы Max-96,Продукты питания,ООО 'Поставщик+',601,2.0,2028-05-16,Ряд 10-Стеллаж 11,7619.31,42
YGF-000695,Поводок Pro-805,Зоотовары,ЗАО 'СкладСервис',144,2.0,2026-11-20,Ряд 17-Стеллаж 47,30456.51,46
DHQ-000696,Ключ Max-510,Инструменты,ООО 'Поставщик+',912,1.0,2029-05-02,Ряд 20-Стеллаж 39,3796.16,11
CAT-000697,Крем C-591,Косметика,ООО 'ОптТорг',888,5.0,2030-09-18,Ряд 11-Стеллаж 11,46706.1,60
JCE-000698,Шина Pro-419,Автотовары,Компания 'Логистик',484,5.0,2028-12-13,Ряд 4-Стеллаж 37,24438.54,90
WXD-000699,Ручка Lite-660,Канцтовары,ООО 'ОптТорг',865,1.0,2030-06-25,Ряд 17-Стеллаж 29,13178.23,28
BUS-000700,Гантели Pro-896,Спорттовары,ООО 'Поставщик+',158,2.0,2028-03-20,Ряд 6-Стеллаж 37,19994.06,18
MCM-000701,Клетка C-67,Зоотовары,ООО 'ОптТорг',921,2.0,NULL,Ряд 4-Стеллаж 26,38422.42,26
IZM-000702,Энциклопедия Lite-33,Книги,Торговый дом 'Восточный',487,0.1,NULL,Ряд 5-Стеллаж 31,7318.41,1
ZUB-000703,Ручка B-71,Канцтовары,АО 'РегионСнаб',484,0.1,2027-03-25,Ряд 14-Стеллаж 18,12640.96,1
HCW-000704,Шина C-169,Автотовары,АО 'РегионСнаб',537,0.1,2027-09-06,Ряд 2-Стеллаж 6,44753.08,2
FYM-000705,Гантели A-741,Спорттовары,Торговый дом 'Восточный',802,0.1,2030-05-06,Ряд 1-Стеллаж 36,39164.47,2
RQI-000706,Роман Max-417,Книги,Торговый дом 'Восточный',845,1.0,NULL,Ряд 15-Стеллаж 10,24997.31,17
GSZ-000707,Кофе B-616,Продукты питания,ЗАО 'СкладСервис',460,1.0,NULL,Ряд 7-Стеллаж 48,48952.65,20
JJY-000708,Клетка Max-467,Зоотовары,ИП Петрова,978,0.1,NULL,Ряд 10-Стеллаж 33,40961.62,1
KJV-000709,Отвертка Lite-447,Инструменты,ООО 'ОптТорг',997,2.0,2030-09-26,Ряд 14-Стеллаж 24,8885.91,52
JVR-000710,Молоток Pro-768,Инструменты,ЗАО 'СкладСервис',290,1.0,2028-09-29,Ряд 3-Стеллаж 42,870.5,20
TYC-000711,Дворники Pro-118,Автотовары,ООО 'ОптТорг',595,2.0,NULL,Ряд 14-Стеллаж 14,11182.82,42
FMD-000712,Шина C-901,Автотовары,АО 'РегионСнаб',929,2.0,2030-05-20,Ряд 1-Стеллаж 24,39120.69,46
RHX-000713,Ключ C-344,Инструменты,ЗАО 'СкладСервис',247,0.1,NULL,Ряд 1-Стеллаж 10,39535.98,2
EOL-000714,Гантели Pro-926,Спорттовары,АО 'РегионСнаб',197,1.0,2030-07-27,Ряд 5-Стеллаж 41,19551.06,30
IEG-000715,Роман A-27,Книги,ИП Иванов,516,0.1,2029-08-15,Ряд 18-Стеллаж 11,47437.58,1
LQP-000716,Ноутбук B-669,Электроника,ИП Петрова,724,0.5,2028-04-21,Ряд 5-Стеллаж 30,31741.43,9
XHN-000717,Стиральный порошок Max-594,Бытовая химия,Торговый дом 'Восточный',798,2.0,2028-06-14,Ряд 9-Стеллаж 6,46752.05,54
WCY-000718,Платье A-503,Одежда,АО 'Торговый дом',145,0.1,2026-04-25,Ряд 3-Стеллаж 32,42238.95,1
UKM-000719,Лоток Max-622,Зоотовары,АО 'Торговый дом',215,1.0,2030-09-10,Ряд 6-Стеллаж 12,14972.81,12
WDI-000720,Степлер A-531,Канцтовары,ТД 'Универсал',628,1.0,NULL,Ряд 9-Стеллаж 8,9682.62,7
NDW-000721,Футболка C-726,Одежда,Группа 'Мегаполис',30,0.5,2027-05-26,Ряд 5-Стеллаж 18,13719.64,6
OHT-000722,Шина Pro-106,Автотовары,АО 'РегионСнаб',524,5.0,2027-11-13,Ряд 6-Стеллаж 13,34368.52,145
PTI-000723,Шампунь B-581,Бытовая химия,Торговый дом 'Восточный',499,0.5,2029-09-08,Ряд 11-Стеллаж 40,5422.58,9
JXV-000724,Дворники C-408,Автотовары,ИП Иванов,910,0.1,NULL,Ряд 14-Стеллаж 19,30213.91,2
AEI-000725,Консервы Max-337,Продукты питания,ООО 'ИмпортТрейд',251,0.1,2028-12-23,Ряд 11-Стеллаж 8,531.17,2
FOI-000726,Стиральный порошок Lite-915,Бытовая химия,ООО 'ОптТорг',67,0.5,NULL,Ряд 7-Стеллаж 7,28069.89,14
QRL-000727,Степлер C-606,Канцтовары,Группа 'Мегаполис',201,0.1,2029-09-14,Ряд 14-Стеллаж 8,6248.43,1
JOH-000728,Корм C-661,Зоотовары,ИП Петрова,4,5.0,2027-07-14,Ряд 13-Стеллаж 3,44796.68,115
AMV-000729,Пила Pro-870,Инструменты,Торговый дом 'Восточный',308,0.1,2029-12-02,Ряд 16-Стеллаж 40,2401.28,1
QXV-000730,Одеяло A-196,Товары для дома,АО 'Торговый дом',29,0.1,NULL,Ряд 11-Стеллаж 45,36226.46,1
SVV-000731,Мяч C-338,Спорттовары,ООО 'Поставщик+',956,1.0,NULL,Ряд 2-Стеллаж 8,2447.77,16
RUJ-000732,Детектив Max-126,Книги,ИП Иванов,947,0.1,NULL,Ряд 11-Стеллаж 10,37664.09,2
NGM-000733,Шина Lite-856,Автотовары,Компания 'Логистик',329,2.0,NULL,Ряд 9-Стеллаж 50,14846.9,18
WRT-000734,Моющее средство Pro-108,Бытовая химия,Торговый дом 'Восточный',79,0.1,NULL,Ряд 1-Стеллаж 43,10845.97,1
IVT-000735,Коврик Pro-999,Спорттовары,ООО 'ИмпортТрейд',778,5.0,2029-01-10,Ряд 17-Стеллаж 7,45710.56,70
LQF-000736,Пила A-763,Инструменты,Группа 'Мегаполис',70,0.1,2027-02-23,Ряд 10-Стеллаж 37,32436.73,1
CAL-000737,Духи Pro-515,Косметика,ООО 'Поставщик+',487,1.0,2028-10-29,Ряд 18-Стеллаж 6,17753.62,13
LIL-000738,Бумага Lite-623,Канцтовары,АО 'Торговый дом',50,1.0,2029-04-02,Ряд 10-Стеллаж 13,20164.47,26
MLR-000739,Лоток A-283,Зоотовары,Группа 'Мегаполис',981,0.1,NULL,Ряд 2-Стеллаж 37,13345.6,0
FQS-000740,Дрель Max-611,Инструменты,АО 'РегионСнаб',103,0.1,NULL,Ряд 7-Стеллаж 11,39297.1,1
HAE-000741,Энциклопедия Pro-146,Книги,ИП Петрова,488,1.0,NULL,Ряд 11-Стеллаж 44,3519.26,12
ZRL-000742,Монитор A-501,Электроника,ИП Иванов,997,0.1,NULL,Ряд 1-Стеллаж 39,17639.58,2
WMB-000743,Смартфон C-824,Электроника,ИП Петрова,696,10.0,2028-08-20,Ряд 17-Стеллаж 11,37761.87,100
TLT-000744,Лыжи Pro-116,Спорттовары,Компания 'Логистик',679,0.5,2030-02-21,Ряд 10-Стеллаж 46,16720.26,11
HNQ-000745,Чай C-212,Продукты питания,АО 'РегионСнаб',876,0.1,2026-09-07,Ряд 16-Стеллаж 2,12256.17,3
TFY-000746,Поводок C-401,Зоотовары,АО 'Торговый дом',988,0.1,2030-09-07,Ряд 17-Стеллаж 12,13302.2,2
PYH-000747,Мыло A-993,Бытовая химия,ООО 'Поставщик+',593,0.5,2028-11-07,Ряд 14-Стеллаж 30,28354.79,9
AYD-000748,Корм Pro-42,Зоотовары,ИП Иванов,535,5.0,2029-01-28,Ряд 10-Стеллаж 32,14448.58,80
FVD-000749,Дворники Max-982,Автотовары,Компания 'Логистик',5,0.5,2028-06-11,Ряд 9-Стеллаж 9,17543.4,8
TEC-000750,Духи Max-653,Косметика,ИП Иванов,750,0.1,2029-10-17,Ряд 8-Стеллаж 3,23685.23,1
KKX-000751,Тушь B-427,Косметика,Компания 'Логистик',611,0.5,2029-12-21,Ряд 19-Стеллаж 9,34181.89,6
OHC-000752,Посуда Lite-958,Товары для дома,ЗАО 'СкладСервис',472,0.5,2030-08-12,Ряд 4-Стеллаж 9,26352.24,14
RJJ-000753,Шина B-595,Автотовары,АО 'РегионСнаб',984,0.5,2028-04-24,Ряд 14-Стеллаж 6,37805.03,13
NDO-000754,Свеча A-87,Товары для дома,Компания 'Логистик',54,2.0,NULL,Ряд 1-Стеллаж 30,40383.68,46
BVQ-000755,Степлер Max-735,Канцтовары,ИП Петрова,99,2.0,2030-01-08,Ряд 2-Стеллаж 8,37036.62,56
BFD-000756,Детектив Lite-705,Книги,ТД 'Универсал',139,0.1,2029-01-11,Ряд 10-Стеллаж 41,15579.0,0
FBD-000757,Куртка Pro-496,Одежда,ООО 'ОптТорг',99,0.1,2030-12-31,Ряд 15-Стеллаж 26,2829.88,1
ZVV-000758,Гантели Max-674,Спорттовары,Компания 'Логистик',841,1.0,2028-11-08,Ряд 14-Стеллаж 10,31828.05,12
GNS-000759,Шампунь Pro-715,Бытовая химия,ТД 'Универсал',491,0.1,NULL,Ряд 19-Стеллаж 32,18398.6,1
UMV-000760,Кофе Pro-44,Продукты питания,ООО 'Поставщик+',290,0.5,2029-11-11,Ряд 2-Стеллаж 42,32538.6,14
XJD-000761,Фантастика Pro-526,Книги,ТД 'Универсал',283,0.1,2026-09-08,Ряд 17-Стеллаж 33,10578.47,2
BRJ-000762,Детектив Pro-986,Книги,ИП Петрова,347,0.5,2026-07-29,Ряд 10-Стеллаж 26,3457.09,13
MRO-000763,Мяч A-873,Спорттовары,ЗАО 'СкладСервис',538,0.1,2030-02-11,Ряд 19-Стеллаж 40,41502.82,0
TGR-000764,Аккумулятор A-64,Автотовары,ЗАО 'СкладСервис',487,0.5,2027-10-30,Ряд 4-Стеллаж 12,36421.75,9
PCW-000765,Джинсы Max-588,Одежда,ТД 'Универсал',781,0.5,2029-02-20,Ряд 11-Стеллаж 7,34951.35,9
OFM-000766,Корм B-35,Зоотовары,Компания 'Логистик',230,0.1,2026-10-17,Ряд 17-Стеллаж 13,4346.61,0
VXJ-000767,Ключ Pro-513,Инструменты,ИП Петрова,559,2.0,NULL,Ряд 17-Стеллаж 32,9547.34,26
JQO-000768,Чай B-53,Продукты питания,АО 'Торговый дом',449,0.5,2028-08-08,Ряд 5-Стеллаж 34,14946.44,5
PIF-000769,Тональный крем Lite-513,Косметика,Компания 'Логистик',399,1.0,2029-01-18,Ряд 10-Стеллаж 5,26744.47,14
IQO-000770,Джинсы C-910,Одежда,ИП Петрова,482,5.0,2028-12-29,Ряд 1-Стеллаж 3,16935.36,75
TDO-000771,Роман C-73,Книги,ООО 'ИмпортТрейд',946,2.0,NULL,Ряд 3-Стеллаж 37,45220.98,58
YPP-000772,Куртка Pro-490,Одежда,ООО 'ОптТорг',490,5.0,2027-04-13,Ряд 4-Стеллаж 3,24855.01,70
HWZ-000773,Смартфон Lite-494,Электроника,ООО 'Поставщик+',26,2.0,2028-08-30,Ряд 20-Стеллаж 25,34112.96,60
BTS-000774,Отвертка B-95,Инструменты,Торговый дом 'Восточный',437,0.5,2030-03-24,Ряд 12-Стеллаж 13,17189.13,4
PFT-000775,Гантели C-45,Спорттовары,ИП Петрова,46,10.0,2029-07-25,Ряд 2-Стеллаж 5,2879.9,210
IPX-000776,Духи Pro-723,Косметика,ИП Иванов,620,0.5,NULL,Ряд 3-Стеллаж 5,12547.43,12
TJX-000777,Стиральный порошок A-355,Бытовая химия,ТД 'Универсал',730,0.5,2029-10-21,Ряд 8-Стеллаж 34,44654.27,8
XSQ-000778,Духи A-241,Косметика,АО 'Торговый дом',208,5.0,NULL,Ряд 18-Стеллаж 14,6181.27,150
SQL-000779,Футболка C-876,Одежда,ООО 'Поставщик+',510,2.0,2027-12-11,Ряд 19-Стеллаж 25,15055.62,18
PMW-000780,Молоток Lite-782,Инструменты,ТД 'Универсал',45,0.1,NULL,Ряд 14-Стеллаж 35,2660.37,1
JAP-000781,Папка Max-951,Канцтовары,Компания 'Логистик',829,2.0,2027-03-30,Ряд 11-Стеллаж 47,41470.51,40
TBC-000782,Отвертка B-930,Инструменты,Торговый дом 'Восточный',954,1.0,2031-01-27,Ряд 9-Стеллаж 11,48017.24,21
AUY-000783,Куртка Max-830,Одежда,Группа 'Мегаполис',789,0.5,2028-05-19,Ряд 20-Стеллаж 18,18116.66,14
UAH-000784,Корм C-492,Зоотовары,ООО 'ИмпортТрейд',856,0.1,2026-10-22,Ряд 15-Стеллаж 2,22023.47,2
QOK-000785,Посуда Pro-131,Товары для дома,АО 'Торговый дом',283,2.0,2028-07-10,Ряд 15-Стеллаж 12,12937.45,30
FEW-000786,Лоток Max-234,Зоотовары,ООО 'Поставщик+',238,0.1,NULL,Ряд 17-Стеллаж 29,29015.54,0
BSG-000787,Тональный крем Pro-116,Косметика,ООО 'Поставщик+',694,2.0,2028-05-31,Ряд 20-Стеллаж 16,17519.0,18
NGI-000788,Бумага Pro-919,Канцтовары,ЗАО 'СкладСервис',425,0.1,2028-12-19,Ряд 1-Стеллаж 21,30367.99,1
QMZ-000789,Посуда Lite-733,Товары для дома,ООО 'Поставщик+',164,0.5,2027-08-02,Ряд 19-Стеллаж 2,5356.29,6
UNP-000790,Ручка B-579,Канцтовары,Группа 'Мегаполис',387,2.0,2029-01-02,Ряд 13-Стеллаж 49,49891.15,18
NOO-000791,Отвертка Lite-301,Инструменты,ООО 'ОптТорг',750,0.1,2030-10-24,Ряд 17-Стеллаж 34,22078.82,1
XIU-000792,Степлер A-937,Канцтовары,Группа 'Мегаполис',466,0.5,2030-08-29,Ряд 14-Стеллаж 24,4030.52,12
JMF-000793,Ключ Max-142,Инструменты,Группа 'Мегаполис',583,2.0,2026-12-09,Ряд 8-Стеллаж 50,45467.82,56
PUI-000794,Джинсы Pro-16,Одежда,АО 'Торговый дом',418,0.5,2026-12-28,Ряд 16-Стеллаж 41,44077.99,6
EKT-000795,Детектив Pro-363,Книги,ТД 'Универсал',760,0.1,2028-04-19,Ряд 6-Стеллаж 5,6662.27,2
DSG-000796,Помада Pro-646,Косметика,АО 'Торговый дом',344,2.0,2028-10-07,Ряд 2-Стеллаж 5,36950.48,36
LVH-000797,Дворники C-691,Автотовары,Торговый дом 'Восточный',137,1.0,2031-01-08,Ряд 3-Стеллаж 10,44785.18,25
QJL-000798,Лыжи Lite-521,Спорттовары,Торговый дом 'Восточный',602,0.1,NULL,Ряд 16-Стеллаж 22,2461.98,2
VLI-000799,Бумага A-356,Канцтовары,ИП Иванов,976,0.1,2029-05-06,Ряд 14-Стеллаж 34,13948.9,2
HDH-000800,Масло B-566,Автотовары,Группа 'Мегаполис',906,0.1,2028-11-11,Ряд 4-Стеллаж 15,33338.36,1
VTA-000801,Наушники Max-456,Электроника,ООО 'ОптТорг',550,2.0,2028-04-22,Ряд 12-Стеллаж 14,14127.78,50
NVH-000802,Куртка Max-685,Одежда,Торговый дом 'Восточный',723,5.0,2030-08-03,Ряд 16-Стеллаж 17,4388.85,55
DJC-000803,Мыло A-444,Бытовая химия,Торговый дом 'Восточный',76,0.5,2030-09-15,Ряд 17-Стеллаж 44,38863.43,14
CSN-000804,Моющее средство Max-201,Бытовая химия,ООО 'ОптТорг',676,2.0,NULL,Ряд 1-Стеллаж 16,6886.89,38
GDV-000805,Фантастика Lite-214,Книги,ТД 'Универсал',289,0.1,2031-01-22,Ряд 7-Стеллаж 1,21744.22,2
SBR-000806,Свеча Pro-816,Товары для дома,АО 'РегионСнаб',646,1.0,2031-02-20,Ряд 6-Стеллаж 20,42042.56,16
QPO-000807,Крем B-476,Косметика,АО 'Торговый дом',224,0.1,2028-05-04,Ряд 15-Стеллаж 21,12407.44,2
YRJ-000808,Дрель C-520,Инструменты,Торговый дом 'Восточный',131,2.0,2030-11-27,Ряд 20-Стеллаж 27,34376.74,14
FWK-000809,Коврик Pro-746,Спорттовары,ООО 'ИмпортТрейд',267,1.0,2030-08-23,Ряд 14-Стеллаж 26,13071.93,8
FQB-000810,Дворники C-133,Автотовары,АО 'РегионСнаб',226,1.0,2026-12-08,Ряд 7-Стеллаж 50,31283.06,26
PAS-000811,Отвертка B-859,Инструменты,АО 'Торговый дом',799,1.0,2028-07-08,Ряд 2-Стеллаж 34,10562.65,24
NWF-000812,Консервы Lite-408,Продукты питания,ООО 'ИмпортТрейд',339,0.5,2028-03-28,Ряд 2-Стеллаж 2,37768.33,11
UBH-000813,Наушники B-838,Электроника,Группа 'Мегаполис',646,2.0,2027-04-05,Ряд 9-Стеллаж 48,6225.96,38
THC-000814,Кроссовки Pro-199,Одежда,ООО 'ОптТорг',739,1.0,2028-03-31,Ряд 18-Стеллаж 39,45952.78,10
VWU-000815,Ключ Pro-386,Инструменты,ООО 'ОптТорг',761,0.1,2028-06-13,Ряд 7-Стеллаж 7,13250.28,2
HCZ-000816,Велосипед C-782,Спорттовары,Компания 'Логистик',494,0.1,2029-07-14,Ряд 13-Стеллаж 2,49658.04,3
OCF-000817,Смартфон A-575,Электроника,АО 'РегионСнаб',789,0.1,2028-10-10,Ряд 10-Стеллаж 22,7231.37,2
EWM-000818,Мыло Max-346,Бытовая химия,АО 'Торговый дом',144,0.5,2029-06-20,Ряд 2-Стеллаж 50,24696.22,10
VAR-000819,Одеяло C-473,Товары для дома,АО 'РегионСнаб',892,0.1,NULL,Ряд 18-Стеллаж 32,27302.16,1
SNW-000820,Роман B-203,Книги,АО 'Торговый дом',943,0.1,NULL,Ряд 5-Стеллаж 49,730.54,2
LZB-000821,Дрель Max-945,Инструменты,ТД 'Универсал',174,1.0,2030-07-05,Ряд 13-Стеллаж 1,14872.71,20
WHI-000822,Степлер Lite-258,Канцтовары,ИП Петрова,665,0.1,2028-08-18,Ряд 7-Стеллаж 40,47602.17,1
MFI-000823,Словарь Pro-69,Книги,Торговый дом 'Восточный',872,5.0,2026-12-02,Ряд 16-Стеллаж 1,15918.52,60
ZAS-000824,Мыло Max-573,Бытовая химия,Торговый дом 'Восточный',96,0.5,NULL,Ряд 20-Стеллаж 30,29743.0,4
WIA-000825,Моющее средство A-607,Бытовая химия,Компания 'Логистик',291,2.0,2029-11-17,Ряд 12-Стеллаж 40,38361.09,30
DSH-000826,Тональный крем C-990,Косметика,ИП Петрова,104,0.1,2030-04-24,Ряд 11-Стеллаж 37,38610.34,2
UWR-000827,Аккумулятор A-332,Автотовары,Группа 'Мегаполис',172,0.1,2027-10-09,Ряд 3-Стеллаж 40,7367.26,1
CZD-000828,Аккумулятор Max-486,Автотовары,АО 'РегионСнаб',680,0.5,2028-07-26,Ряд 4-Стеллаж 16,28029.25,9
JVI-000829,Кроссовки Pro-502,Одежда,ИП Петрова,862,0.1,2027-01-27,Ряд 9-Стеллаж 46,7187.06,2
SGD-000830,Пила C-184,Инструменты,ЗАО 'СкладСервис',356,0.1,2030-02-07,Ряд 14-Стеллаж 14,30867.86,1
YZF-000831,Ручка Lite-280,Канцтовары,ООО 'ОптТорг',199,0.1,2028-02-01,Ряд 4-Стеллаж 24,45794.56,2
AHM-000832,Монитор Max-466,Электроника,Торговый дом 'Восточный',721,0.1,NULL,Ряд 19-Стеллаж 2,43166.11,2
MMW-000833,Мяч Pro-653,Спорттовары,АО 'Торговый дом',39,0.5,2029-01-08,Ряд 6-Стеллаж 9,4187.09,5
SIW-000834,Тональный крем A-964,Косметика,Группа 'Мегаполис',670,1.0,2029-12-09,Ряд 6-Стеллаж 38,36120.67,18
RKR-000835,Планшет Lite-204,Электроника,АО 'Торговый дом',197,2.0,NULL,Ряд 9-Стеллаж 6,8670.63,16
RKQ-000836,Ноутбук Max-89,Электроника,Компания 'Логистик',280,1.0,2028-08-24,Ряд 19-Стеллаж 30,4453.69,9
EPZ-000837,Крупа Max-774,Продукты питания,ООО 'Поставщик+',222,1.0,NULL,Ряд 8-Стеллаж 20,41873.55,27
TIJ-000838,Тушь Max-451,Косметика,ИП Иванов,285,0.1,2029-03-21,Ряд 9-Стеллаж 13,8896.75,1
GMP-000839,Степлер B-720,Канцтовары,ЗАО 'СкладСервис',535,0.5,2029-02-13,Ряд 2-Стеллаж 38,19314.75,12
LQR-000840,Духи Pro-268,Косметика,Группа 'Мегаполис',350,1.0,2029-09-02,Ряд 3-Стеллаж 33,38681.78,15
ACR-000841,Макароны A-163,Продукты питания,ТД 'Универсал',143,0.5,2030-04-13,Ряд 19-Стеллаж 3,16152.48,5
KIQ-000842,Кроссовки Pro-608,Одежда,ИП Иванов,935,0.5,2026-11-03,Ряд 18-Стеллаж 12,37614.66,10
OLK-000843,Стиральный порошок Pro-437,Бытовая химия,Компания 'Логистик',740,0.5,2030-05-31,Ряд 10-Стеллаж 3,48539.75,7
UYK-000844,Ноутбук B-680,Электроника,ИП Иванов,524,0.1,2028-11-02,Ряд 17-Стеллаж 13,47577.12,2
IYZ-000845,Тушь C-83,Косметика,ИП Иванов,820,0.5,NULL,Ряд 1-Стеллаж 43,7417.18,6
EWL-000846,Детектив Max-218,Книги,Группа 'Мегаполис',157,1.0,NULL,Ряд 6-Стеллаж 23,5040.68,24
XRV-000847,Детектив Lite-404,Книги,Группа 'Мегаполис',781,5.0,NULL,Ряд 5-Стеллаж 26,38674.36,80
NJR-000848,Картина Lite-770,Товары для дома,ООО 'Поставщик+',227,2.0,2026-07-07,Ряд 12-Стеллаж 24,17025.56,14
KCF-000849,Шина C-397,Автотовары,Группа 'Мегаполис',45,0.1,NULL,Ряд 13-Стеллаж 42,9034.79,1
RMG-000850,Пила A-165,Инструменты,ИП Иванов,167,0.5,2030-10-09,Ряд 3-Стеллаж 23,34318.98,5
IOJ-000851,Масло Lite-827,Автотовары,ООО 'Поставщик+',497,1.0,2028-06-20,Ряд 10-Стеллаж 28,12969.52,27
ULJ-000852,Масло B-8,Автотовары,Торговый дом 'Восточный',343,2.0,NULL,Ряд 6-Стеллаж 28,26609.0,38
IYP-000853,Шампунь C-52,Бытовая химия,ООО 'ОптТорг',832,1.0,2030-10-08,Ряд 10-Стеллаж 3,6121.49,22
XRG-000854,Бумага C-652,Канцтовары,ЗАО 'СкладСервис',303,2.0,2029-03-02,Ряд 10-Стеллаж 23,20882.16,42
ACT-000855,Коврик Pro-706,Спорттовары,Торговый дом 'Восточный',405,0.1,2028-11-14,Ряд 5-Стеллаж 41,24697.84,1
QXX-000856,Роман Pro-525,Книги,ООО 'ОптТорг',582,0.5,2028-05-18,Ряд 5-Стеллаж 39,48843.32,13
ZCY-000857,Фантастика C-311,Книги,Компания 'Логистик',432,0.5,2026-07-18,Ряд 3-Стеллаж 28,48259.74,6
QOU-000858,Энциклопедия Lite-688,Книги,ООО 'Поставщик+',383,1.0,2028-05-22,Ряд 9-Стеллаж 48,34458.72,12
BKE-000859,Тушь A-227,Косметика,Компания 'Логистик',5,0.5,2028-11-21,Ряд 9-Стеллаж 18,23148.94,13
FSF-000860,Подушка C-349,Товары для дома,Компания 'Логистик',745,1.0,2030-01-03,Ряд 18-Стеллаж 25,23806.36,24
IVD-000861,Фантастика A-647,Книги,ТД 'Универсал',215,0.5,2027-02-16,Ряд 13-Стеллаж 17,20176.76,14
MZC-000862,Фантастика C-579,Книги,ООО 'ОптТорг',378,0.5,2030-10-14,Ряд 1-Стеллаж 10,31261.89,6
LZA-000863,Крем Pro-224,Косметика,ООО 'ОптТорг',761,0.5,2028-03-20,Ряд 18-Стеллаж 9,18952.52,5
FCH-000864,Консервы Max-906,Продукты питания,Торговый дом 'Восточный',410,1.0,2030-07-05,Ряд 20-Стеллаж 18,16004.2,18
RQQ-000865,Велосипед C-4,Спорттовары,ООО 'ОптТорг',545,0.5,2030-10-07,Ряд 10-Стеллаж 29,7890.54,6
NIM-000866,Крупа B-625,Продукты питания,ЗАО 'СкладСервис',929,0.1,2030-07-05,Ряд 14-Стеллаж 13,31839.02,2
QZP-000867,Энциклопедия A-761,Книги,АО 'РегионСнаб',968,0.1,NULL,Ряд 19-Стеллаж 41,23622.08,0
PUK-000868,Коврик B-301,Спорттовары,Группа 'Мегаполис',870,5.0,2029-07-04,Ряд 6-Стеллаж 31,46860.19,65
BAP-000869,Шина B-251,Автотовары,Группа 'Мегаполис',700,1.0,2027-08-30,Ряд 15-Стеллаж 33,32086.89,26
MZA-000870,Монитор A-733,Электроника,ЗАО 'СкладСервис',693,0.5,2030-04-29,Ряд 3-Стеллаж 27,47880.86,14
UQN-000871,Наушники Max-950,Электроника,ТД 'Универсал',492,2.0,NULL,Ряд 13-Стеллаж 47,38449.64,36
NQL-000872,Джинсы B-815,Одежда,АО 'Торговый дом',149,2.0,2028-10-15,Ряд 6-Стеллаж 24,20674.01,34
MGI-000873,Детектив Max-265,Книги,АО 'Торговый дом',469,2.0,2029-08-15,Ряд 11-Стеллаж 19,34475.25,34
OPT-000874,Макароны Pro-731,Продукты питания,ООО 'ОптТорг',295,0.1,2029-10-18,Ряд 10-Стеллаж 46,7957.21,2
LHT-000875,Энциклопедия B-599,Книги,ИП Иванов,150,1.0,NULL,Ряд 8-Стеллаж 2,42553.41,25
AJN-000876,Лыжи C-388,Спорттовары,АО 'РегионСнаб',488,1.0,2026-09-01,Ряд 5-Стеллаж 38,42637.89,17
WME-000877,Гантели B-285,Спорттовары,ТД 'Универсал',179,0.5,NULL,Ряд 3-Стеллаж 22,11280.02,6
PSD-000878,Стиральный порошок Pro-642,Бытовая химия,ООО 'ИмпортТрейд',510,0.5,2031-02-07,Ряд 8-Стеллаж 48,10166.37,14
CIB-000879,Коврик Max-188,Спорттовары,ООО 'ОптТорг',866,1.0,2028-06-23,Ряд 15-Стеллаж 37,26171.29,14
RQG-000880,Роман B-536,Книги,Торговый дом 'Восточный',467,0.1,NULL,Ряд 9-Стеллаж 6,37168.37,3
HFG-000881,Свеча B-103,Товары для дома,ТД 'Универсал',475,0.1,2028-07-28,Ряд 7-Стеллаж 31,5864.5,0
OFM-000882,Свеча A-258,Товары для дома,ООО 'Поставщик+',595,0.5,2030-08-24,Ряд 7-Стеллаж 38,40298.0,13
TPM-000883,Макароны C-695,Продукты питания,ООО 'ИмпортТрейд',519,0.5,2028-12-21,Ряд 10-Стеллаж 17,43369.69,7
OIL-000884,Макароны A-948,Продукты питания,ТД 'Универсал',6,0.5,2029-01-29,Ряд 6-Стеллаж 5,38033.87,14
WIR-000885,Чай A-702,Продукты питания,Группа 'Мегаполис',797,0.1,2027-10-06,Ряд 10-Стеллаж 33,15303.92,2
HPO-000886,Чай Max-610,Продукты питания,ООО 'ИмпортТрейд',160,0.1,2029-01-18,Ряд 20-Стеллаж 43,7898.78,2
UUH-000887,Тушь Pro-316,Косметика,ТД 'Универсал',956,2.0,2028-03-15,Ряд 5-Стеллаж 20,16719.42,36
LKK-000888,Отвертка Max-734,Инструменты,ООО 'Поставщик+',991,0.5,2030-09-22,Ряд 9-Стеллаж 2,40935.73,6
GVA-000889,Молоток A-249,Инструменты,АО 'РегионСнаб',333,1.0,NULL,Ряд 7-Стеллаж 40,25172.02,15
ESY-000890,Картина Pro-61,Товары для дома,ТД 'Универсал',974,5.0,2030-05-08,Ряд 16-Стеллаж 16,14043.12,130
CQH-000891,Папка B-895,Канцтовары,ТД 'Универсал',945,0.1,NULL,Ряд 3-Стеллаж 21,48860.08,3
DHF-000892,Футболка B-791,Одежда,ТД 'Универсал',251,0.5,2029-08-16,Ряд 18-Стеллаж 34,40874.63,14
UWS-000893,Энциклопедия C-204,Книги,ООО 'ИмпортТрейд',980,2.0,2029-05-14,Ряд 6-Стеллаж 21,23442.9,42
RSG-000894,Энциклопедия A-580,Книги,ООО 'Поставщик+',143,0.1,2030-11-22,Ряд 2-Стеллаж 34,3061.3,2
LAN-000895,Степлер B-818,Канцтовары,ООО 'ОптТорг',503,0.1,2028-08-02,Ряд 19-Стеллаж 6,48712.67,1
NWO-000896,Фильтр Max-339,Автотовары,ИП Петрова,665,10.0,2030-07-31,Ряд 9-Стеллаж 30,22591.86,300
BQI-000897,Мяч A-231,Спорттовары,Торговый дом 'Восточный',757,2.0,2030-06-01,Ряд 19-Стеллаж 19,367.38,38
IDW-000898,Картина B-194,Товары для дома,ЗАО 'СкладСервис',786,0.5,2029-04-15,Ряд 19-Стеллаж 23,44667.51,14
UFE-000899,Ноутбук B-311,Электроника,ООО 'ОптТорг',616,5.0,2030-02-12,Ряд 3-Стеллаж 21,43534.27,70
EZG-000900,Моющее средство Pro-51,Бытовая химия,ООО 'ИмпортТрейд',27,0.1,NULL,Ряд 13-Стеллаж 2,22225.43,3
LKF-000901,Отвертка A-964,Инструменты,ИП Петрова,834,0.1,2026-11-23,Ряд 19-Стеллаж 47,25848.98,1
MPT-000902,Ручка A-390,Канцтовары,АО 'РегионСнаб',195,0.1,2030-03-07,Ряд 16-Стеллаж 17,25461.33,2
UKW-000903,Папка Pro-17,Канцтовары,ООО 'ИмпортТрейд',968,0.5,2029-11-06,Ряд 8-Стеллаж 45,4268.35,13
YHQ-000904,Папка A-63,Канцтовары,ООО 'Поставщик+',144,2.0,2026-12-23,Ряд 1-Стеллаж 9,25955.17,22
PFT-000905,Духи C-901,Косметика,ООО 'ИмпортТрейд',632,0.5,2026-10-09,Ряд 6-Стеллаж 12,46817.76,5
YUA-000906,Стиральный порошок Pro-36,Бытовая химия,Компания 'Логистик',413,1.0,2028-11-27,Ряд 11-Стеллаж 2,39174.28,17
TDK-000907,Мяч Pro-68,Спорттовары,АО 'РегионСнаб',780,1.0,NULL,Ряд 4-Стеллаж 1,17465.89,14
CMZ-000908,Гантели C-673,Спорттовары,ТД 'Универсал',137,2.0,NULL,Ряд 16-Стеллаж 31,44982.47,30
OYR-000909,Джинсы Max-85,Одежда,ТД 'Универсал',504,1.0,NULL,Ряд 8-Стеллаж 33,6533.89,11
TSH-000910,Картина Lite-530,Товары для дома,АО 'Торговый дом',255,0.1,2027-02-09,Ряд 10-Стеллаж 22,35537.5,2
PWT-000911,Консервы B-187,Продукты питания,ООО 'ИмпортТрейд',432,0.5,2026-12-30,Ряд 2-Стеллаж 48,45305.43,9
AQV-000912,Шампунь Pro-220,Бытовая химия,ИП Иванов,406,0.5,2030-02-03,Ряд 7-Стеллаж 41,43482.82,12
LGL-000913,Фантастика Pro-680,Книги,Компания 'Логистик',671,2.0,2029-03-17,Ряд 9-Стеллаж 22,40359.08,44
CWT-000914,Крем A-564,Косметика,АО 'Торговый дом',800,0.5,NULL,Ряд 18-Стеллаж 9,4774.45,10
SDJ-000915,Фильтр B-861,Автотовары,АО 'РегионСнаб',566,10.0,2030-12-29,Ряд 6-Стеллаж 26,41010.33,230
RUF-000916,Энциклопедия Lite-236,Книги,ООО 'ИмпортТрейд',538,1.0,2026-12-22,Ряд 17-Стеллаж 34,2397.41,24
SZE-000917,Чай B-286,Продукты питания,АО 'Торговый дом',696,0.1,2029-06-07,Ряд 5-Стеллаж 35,47112.49,2
BZK-000918,Ключ Max-320,Инструменты,ООО 'ОптТорг',995,0.5,2028-12-04,Ряд 10-Стеллаж 1,3789.78,14
FTP-000919,Платье B-662,Одежда,ООО 'Поставщик+',773,0.5,2026-11-10,Ряд 6-Стеллаж 49,48606.15,7
KPG-000920,Тетрадь B-455,Канцтовары,АО 'Торговый дом',231,5.0,2027-07-23,Ряд 13-Стеллаж 8,36312.65,125
DHI-000921,Лоток Max-625,Зоотовары,АО 'Торговый дом',533,0.5,2030-10-21,Ряд 8-Стеллаж 43,21941.69,5
LBZ-000922,Словарь Max-709,Книги,ООО 'ИмпортТрейд',896,0.1,2029-08-06,Ряд 4-Стеллаж 41,23352.96,2
WMH-000923,Велосипед Pro-59,Спорттовары,АО 'Торговый дом',90,10.0,2030-03-13,Ряд 8-Стеллаж 43,24751.86,290
QWH-000924,Детектив B-600,Книги,Торговый дом 'Восточный',282,5.0,2030-07-08,Ряд 9-Стеллаж 23,4200.51,50
MPR-000925,Футболка Lite-98,Одежда,Торговый дом 'Восточный',499,1.0,2031-01-27,Ряд 13-Стеллаж 3,30103.03,25
DTJ-000926,Лоток Lite-39,Зоотовары,Торговый дом 'Восточный',925,1.0,2028-05-21,Ряд 12-Стеллаж 42,39417.41,21
YVQ-000927,Молоток Max-468,Инструменты,ЗАО 'СкладСервис',929,0.1,NULL,Ряд 11-Стеллаж 7,14649.23,2
WGV-000928,Бумага B-215,Канцтовары,ООО 'ИмпортТрейд',996,5.0,2028-05-31,Ряд 2-Стеллаж 21,22937.32,135
OWQ-000929,Словарь C-849,Книги,АО 'РегионСнаб',771,0.5,2026-11-19,Ряд 3-Стеллаж 22,17622.64,12
HXC-000930,Дрель C-826,Инструменты,ООО 'ИмпортТрейд',636,0.5,2026-09-20,Ряд 7-Стеллаж 17,42806.0,11
LJE-000931,Крупа Pro-634,Продукты питания,ООО 'ИмпортТрейд',16,0.1,2031-01-01,Ряд 18-Стеллаж 19,37850.69,2
SFC-000932,Подушка Max-835,Товары для дома,ЗАО 'СкладСервис',414,2.0,2026-08-30,Ряд 18-Стеллаж 23,19868.0,38
WUP-000933,Платье B-854,Одежда,ООО 'ИмпортТрейд',230,0.5,NULL,Ряд 5-Стеллаж 43,49634.23,3
SFW-000934,Аккумулятор Lite-565,Автотовары,ЗАО 'СкладСервис',831,0.1,NULL,Ряд 1-Стеллаж 40,24189.5,2
ZEE-000935,Коврик Lite-366,Спорттовары,ИП Петрова,409,1.0,2030-03-16,Ряд 9-Стеллаж 28,18542.91,14
CSI-000936,Роман Lite-234,Книги,Группа 'Мегаполис',814,0.5,2026-04-27,Ряд 17-Стеллаж 46,23813.1,8
SSQ-000937,Мяч Lite-460,Спорттовары,Группа 'Мегаполис',476,0.1,2030-08-14,Ряд 16-Стеллаж 38,21837.4,1
OBJ-000938,Роман Max-613,Книги,ИП Иванов,65,1.0,2029-09-17,Ряд 19-Стеллаж 17,47370.19,30
MSY-000939,Пила B-785,Инструменты,Группа 'Мегаполис',677,0.5,2029-11-14,Ряд 11-Стеллаж 15,28514.38,11
ORI-000940,Ноутбук Max-200,Электроника,ИП Петрова,54,1.0,2028-07-24,Ряд 20-Стеллаж 5,26512.11,30
GPT-000941,Чай Pro-391,Продукты питания,ИП Иванов,30,1.0,2030-01-09,Ряд 3-Стеллаж 7,47310.05,25
SDI-000942,Джинсы C-663,Одежда,Компания 'Логистик',363,0.1,2030-12-19,Ряд 3-Стеллаж 12,13062.25,1
QIT-000943,Мяч A-335,Спорттовары,Компания 'Логистик',20,2.0,2028-06-30,Ряд 12-Стеллаж 7,8467.23,46
KAX-000944,Посуда A-894,Товары для дома,ООО 'ИмпортТрейд',879,0.1,2026-06-13,Ряд 20-Стеллаж 32,9130.25,1
REJ-000945,Кофе A-827,Продукты питания,ТД 'Универсал',723,2.0,2026-11-23,Ряд 5-Стеллаж 29,1565.57,16
YYC-000946,Лоток Pro-803,Зоотовары,ИП Иванов,604,0.5,2029-01-12,Ряд 20-Стеллаж 22,46894.02,14
LDO-000947,Степлер A-869,Канцтовары,Группа 'Мегаполис',374,0.1,NULL,Ряд 13-Стеллаж 3,17948.15,2
NRI-000948,Коврик Max-437,Спорттовары,ИП Петрова,588,1.0,2029-04-16,Ряд 10-Стеллаж 21,6817.01,13
KJM-000949,Дворники A-193,Автотовары,АО 'Торговый дом',329,1.0,2030-12-15,Ряд 10-Стеллаж 50,34218.42,8
YHP-000950,Одеяло C-988,Товары для дома,ООО 'ОптТорг',177,1.0,NULL,Ряд 1-Стеллаж 4,48340.07,19
NVR-000951,Молоток Pro-973,Инструменты,Торговый дом 'Восточный',520,0.5,2026-11-24,Ряд 12-Стеллаж 44,34974.2,6
EFI-000952,Энциклопедия A-927,Книги,Группа 'Мегаполис',507,0.1,2028-06-01,Ряд 13-Стеллаж 14,45021.02,1
GVV-000953,Макароны Pro-697,Продукты питания,АО 'РегионСнаб',846,0.1,NULL,Ряд 5-Стеллаж 39,12346.35,2
OWQ-000954,Шампунь C-615,Бытовая химия,ЗАО 'СкладСервис',754,5.0,2030-06-30,Ряд 14-Стеллаж 25,13940.43,65
ASB-000955,Шина B-967,Автотовары,ИП Иванов,678,1.0,2028-10-23,Ряд 6-Стеллаж 32,3371.69,24
TYS-000956,Словарь A-569,Книги,АО 'РегионСнаб',291,0.5,2028-10-05,Ряд 9-Стеллаж 7,38061.41,9
WFN-000957,Смартфон B-447,Электроника,ТД 'Универсал',490,0.1,2027-04-09,Ряд 13-Стеллаж 12,4226.22,2
PLD-000958,Посуда C-944,Товары для дома,ООО 'Поставщик+',678,5.0,2027-10-03,Ряд 11-Стеллаж 3,28461.63,55
EMX-000959,Планшет Max-739,Электроника,АО 'РегионСнаб',389,0.1,2028-07-31,Ряд 3-Стеллаж 15,9238.96,1
LWB-000960,Стиральный порошок Pro-531,Бытовая химия,ИП Петрова,541,0.1,2026-05-21,Ряд 18-Стеллаж 21,2882.82,2
NQE-000961,Степлер A-878,Канцтовары,ООО 'ИмпортТрейд',39,0.1,2028-03-13,Ряд 13-Стеллаж 1,28157.45,1
FQO-000962,Джинсы Max-503,Одежда,ООО 'Поставщик+',664,2.0,2030-04-30,Ряд 10-Стеллаж 44,30821.65,42
PIZ-000963,Фильтр Pro-264,Автотовары,ТД 'Универсал',941,2.0,2030-03-08,Ряд 8-Стеллаж 10,14378.83,60
WJA-000964,Духи Pro-432,Косметика,ИП Иванов,43,0.5,2029-06-08,Ряд 13-Стеллаж 9,42014.76,9
WLL-000965,Ключ B-971,Инструменты,ТД 'Универсал',372,0.5,2031-02-19,Ряд 7-Стеллаж 16,10887.12,6
WRQ-000966,Дворники Max-464,Автотовары,ООО 'ОптТорг',883,2.0,2029-11-19,Ряд 7-Стеллаж 26,7109.51,20
HVU-000967,Подушка Max-212,Товары для дома,АО 'РегионСнаб',52,0.1,2029-01-15,Ряд 13-Стеллаж 34,21617.6,2
KRH-000968,Словарь Pro-324,Книги,ЗАО 'СкладСервис',576,2.0,2029-04-10,Ряд 5-Стеллаж 27,15858.71,28
PTN-000969,Поводок C-208,Зоотовары,ООО 'Поставщик+',692,0.1,NULL,Ряд 1-Стеллаж 4,16608.86,0
TYH-000970,Куртка A-822,Одежда,ООО 'ИмпортТрейд',638,5.0,2030-09-01,Ряд 16-Стеллаж 22,35194.98,80
OXD-000971,Отвертка A-680,Инструменты,АО 'Торговый дом',545,5.0,NULL,Ряд 18-Стеллаж 41,23504.91,75
YXC-000972,Наушники Lite-586,Электроника,ИП Иванов,901,0.5,2028-04-10,Ряд 19-Стеллаж 45,49389.26,9
EXZ-000973,Клетка B-114,Зоотовары,ИП Петрова,352,2.0,2028-07-20,Ряд 6-Стеллаж 9,31220.35,56
ZUR-000974,Игрушка C-872,Зоотовары,ООО 'ИмпортТрейд',299,1.0,2030-12-09,Ряд 1-Стеллаж 40,44557.83,20
GNZ-000975,Смартфон C-768,Электроника,ТД 'Универсал',326,5.0,2029-11-18,Ряд 9-Стеллаж 29,49807.89,85
ZRR-000976,Папка Pro-398,Канцтовары,ООО 'ОптТорг',32,0.1,NULL,Ряд 19-Стеллаж 2,15170.39,1
ARS-000977,Тетрадь Pro-289,Канцтовары,ООО 'ИмпортТрейд',822,0.5,2030-01-30,Ряд 5-Стеллаж 23,35969.9,12
GXX-000978,Джинсы C-67,Одежда,ЗАО 'СкладСервис',935,0.5,2028-04-17,Ряд 5-Стеллаж 49,5397.13,4
EUU-000979,Куртка Max-109,Одежда,ООО 'Поставщик+',740,0.1,2028-07-23,Ряд 5-Стеллаж 38,31325.01,2
PBD-000980,Детектив C-641,Книги,АО 'Торговый дом',190,0.1,NULL,Ряд 8-Стеллаж 14,2547.43,0
NMF-000981,Масло A-181,Автотовары,ИП Петрова,723,0.1,2029-01-22,Ряд 19-Стеллаж 4,22153.69,2
ZGW-000982,Свеча Max-857,Товары для дома,Группа 'Мегаполис',716,0.1,NULL,Ряд 11-Стеллаж 49,49599.42,1
PPN-000983,Тушь C-773,Косметика,Группа 'Мегаполис',436,0.1,2031-02-20,Ряд 1-Стеллаж 42,44533.28,2
EBM-000984,Роман C-603,Книги,ООО 'Поставщик+',634,2.0,NULL,Ряд 15-Стеллаж 1,48859.52,56
UXS-000985,Посуда Pro-308,Товары для дома,ЗАО 'СкладСервис',982,0.1,2028-01-22,Ряд 15-Стеллаж 23,37122.52,2
TIZ-000986,Шампунь Pro-464,Бытовая химия,Группа 'Мегаполис',601,0.1,2030-10-09,Ряд 15-Стеллаж 21,46176.13,1
DTK-000987,Ноутбук B-608,Электроника,ИП Иванов,807,0.5,NULL,Ряд 12-Стеллаж 1,21747.34,14
YFA-000988,Аккумулятор Lite-742,Автотовары,ИП Иванов,277,0.5,2029-01-19,Ряд 10-Стеллаж 36,13919.6,6
MLW-000989,Фильтр B-532,Автотовары,ЗАО 'СкладСервис',61,0.5,NULL,Ряд 11-Стеллаж 46,23861.18,8
YUK-000990,Планшет C-743,Электроника,Компания 'Логистик',646,0.1,2030-07-27,Ряд 20-Стеллаж 8,29975.84,2
JRD-000991,Свеча C-569,Товары для дома,ТД 'Универсал',64,0.1,2029-05-03,Ряд 11-Стеллаж 45,11710.25,1
IUS-000992,Чай Lite-482,Продукты питания,ООО 'ИмпортТрейд',800,1.0,2029-02-24,Ряд 19-Стеллаж 40,11889.04,14
XIW-000993,Дрель Max-147,Инструменты,ИП Иванов,638,0.5,2029-08-27,Ряд 3-Стеллаж 29,19509.35,6
JUM-000994,Моющее средство Max-193,Бытовая химия,ЗАО 'СкладСервис',3,0.5,2028-12-25,Ряд 9-Стеллаж 21,24260.65,8
YPD-000995,Энциклопедия C-210,Книги,ООО 'Поставщик+',753,2.0,2029-09-30,Ряд 8-Стеллаж 25,21178.42,14
DAQ-000996,Дрель A-960,Инструменты,АО 'Торговый дом',377,0.5,2026-10-23,Ряд 13-Стеллаж 36,7891.07,10
HHS-000997,Фильтр C-852,Автотовары,Компания 'Логистик',166,1.0,2028-11-09,Ряд 2-Стеллаж 21,27651.13,18
SOQ-000998,Корм Lite-58,Зоотовары,ООО 'ИмпортТрейд',405,0.1,2028-05-10,Ряд 10-Стеллаж 21,28302.56,2
SSM-000999,Куртка A-423,Одежда,ИП Иванов,155,0.1,2026-07-07,Ряд 3-Стеллаж 49,18047.83,1
IBK-001000,Ноутбук B-58,Электроника,ООО 'ОптТорг',426,1.0,2028-08-31,Ряд 7-Стеллаж 29,7995.07,15
QOB-001001,Детектив Max-687,Книги,Группа 'Мегаполис',490,0.1,2027-10-26,Ряд 5-Стеллаж 9,25054.16,1
KNH-001002,Монитор Pro-8,Электроника,ЗАО 'СкладСервис',731,1.0,NULL,Ряд 7-Стеллаж 38,1848.48,14
JCW-001003,Лыжи Pro-164,Спорттовары,ИП Иванов,406,0.1,NULL,Ряд 20-Стеллаж 19,13319.05,1
VTG-001004,Шампунь B-190,Бытовая химия,ООО 'ИмпортТрейд',919,0.1,2030-09-11,Ряд 1-Стеллаж 29,30188.22,2
CKC-001005,Шампунь A-664,Бытовая химия,Группа 'Мегаполис',777,1.0,NULL,Ряд 7-Стеллаж 38,40902.12,18
QOW-001006,Помада Max-336,Косметика,Группа 'Мегаполис',523,0.1,NULL,Ряд 6-Стеллаж 22,10357.32,3
LKT-001007,Масло Lite-52,Автотовары,ТД 'Универсал',574,1.0,2029-07-22,Ряд 3-Стеллаж 40,5407.72,7
WYY-001008,Помада Max-898,Косметика,ТД 'Универсал',390,1.0,2026-04-27,Ряд 2-Стеллаж 24,10804.67,13
JHQ-001009,Крем Pro-179,Косметика,ООО 'Поставщик+',920,0.1,2026-07-21,Ряд 15-Стеллаж 14,6060.23,2
ACG-001010,Подушка Pro-695,Товары для дома,Торговый дом 'Восточный',570,0.1,2030-11-08,Ряд 3-Стеллаж 47,34605.49,1
JAL-001011,Фильтр C-25,Автотовары,АО 'РегионСнаб',179,5.0,2028-07-08,Ряд 9-Стеллаж 46,14114.35,110
RZE-001012,Детектив B-733,Книги,ТД 'Универсал',829,0.1,NULL,Ряд 19-Стеллаж 28,27969.27,2
WBJ-001013,Посуда Max-655,Товары для дома,ООО 'ИмпортТрейд',467,2.0,NULL,Ряд 12-Стеллаж 47,27573.65,22
JEK-001014,Масло Lite-260,Автотовары,ООО 'ИмпортТрейд',785,0.1,2030-12-08,Ряд 18-Стеллаж 27,18048.43,2
XIJ-001015,Фильтр Lite-350,Автотовары,ТД 'Универсал',771,0.5,NULL,Ряд 2-Стеллаж 22,25342.33,13
OVE-001016,Картина Lite-43,Товары для дома,ИП Иванов,1000,2.0,2029-02-08,Ряд 13-Стеллаж 6,41181.0,20
NOG-001017,Коврик Lite-960,Спорттовары,ЗАО 'СкладСервис',964,0.1,2029-01-30,Ряд 11-Стеллаж 32,5890.22,3
KRK-001018,Подушка Lite-820,Товары для дома,ООО 'ИмпортТрейд',767,0.5,NULL,Ряд 15-Стеллаж 10,41725.75,6
CDB-001019,Тушь A-213,Косметика,Группа 'Мегаполис',773,0.5,2028-09-06,Ряд 4-Стеллаж 13,1224.11,3
EUB-001020,Духи C-439,Косметика,ТД 'Универсал',973,0.1,2028-03-22,Ряд 20-Стеллаж 20,17191.32,1
QXQ-001021,Картина A-433,Товары для дома,ООО 'Поставщик+',695,0.5,2030-02-18,Ряд 1-Стеллаж 17,35046.54,9
RQJ-001022,Игрушка Max-851,Зоотовары,ТД 'Универсал',27,0.5,2028-08-25,Ряд 16-Стеллаж 17,27209.56,4
SXL-001023,Словарь Lite-421,Книги,ООО 'ИмпортТрейд',247,1.0,NULL,Ряд 10-Стеллаж 36,38869.33,21
CRP-001024,Корм C-600,Зоотовары,ООО 'Поставщик+',957,0.5,2030-10-05,Ряд 9-Стеллаж 45,28274.25,12
DNE-001025,Масло B-494,Автотовары,Компания 'Логистик',874,0.1,2028-11-06,Ряд 11-Стеллаж 28,5528.24,1
MAU-001026,Клетка B-731,Зоотовары,ИП Иванов,791,0.5,2027-09-05,Ряд 8-Стеллаж 22,43285.0,12
LSX-001027,Футболка Max-538,Одежда,ИП Иванов,142,0.1,2030-08-15,Ряд 16-Стеллаж 24,39727.15,2
XJO-001028,Дрель Pro-411,Инструменты,ТД 'Универсал',34,0.1,2028-07-16,Ряд 3-Стеллаж 6,13175.64,2
NGY-001029,Макароны Lite-270,Продукты питания,АО 'Торговый дом',24,0.1,NULL,Ряд 7-Стеллаж 29,33010.11,2
MZR-001030,Свеча A-381,Товары для дома,АО 'РегионСнаб',118,1.0,2027-09-25,Ряд 5-Стеллаж 20,6704.08,29
BUC-001031,Игрушка Max-487,Зоотовары,Компания 'Логистик',599,0.5,2027-07-20,Ряд 11-Стеллаж 16,43036.25,6
MFE-001032,Велосипед Lite-75,Спорттовары,ЗАО 'СкладСервис',642,0.5,NULL,Ряд 5-Стеллаж 33,7312.86,4
OGT-001033,Клетка A-198,Зоотовары,ООО 'ИмпортТрейд',960,0.1,2028-04-21,Ряд 2-Стеллаж 49,21621.96,1
RYK-001034,Одеяло B-614,Товары для дома,Группа 'Мегаполис',766,5.0,2031-01-08,Ряд 14-Стеллаж 42,43599.97,135
NMB-001035,Свеча Max-827,Товары для дома,ООО 'Поставщик+',427,0.1,2028-12-24,Ряд 2-Стеллаж 24,13905.6,1
ZIV-001036,Картина Lite-677,Товары для дома,ООО 'ИмпортТрейд',941,0.5,2030-04-30,Ряд 19-Стеллаж 45,28031.37,14
UDI-001037,Энциклопедия Lite-526,Книги,ТД 'Универсал',998,0.5,2028-07-07,Ряд 9-Стеллаж 41,13447.17,7
FYI-001038,Мыло Lite-435,Бытовая химия,ИП Петрова,195,0.5,2027-09-14,Ряд 11-Стеллаж 34,33821.2,7
REP-001039,Консервы Max-741,Продукты питания,Торговый дом 'Восточный',302,0.1,2029-12-18,Ряд 7-Стеллаж 30,29108.36,1
WQF-001040,Клетка Lite-350,Зоотовары,ООО 'ИмпортТрейд',187,2.0,2030-05-12,Ряд 16-Стеллаж 46,13573.49,50
DPG-001041,Ключ C-524,Инструменты,ООО 'ОптТорг',402,0.1,2027-11-17,Ряд 16-Стеллаж 30,46740.81,2
OFB-001042,Молоток A-868,Инструменты,ЗАО 'СкладСервис',501,1.0,2029-12-02,Ряд 4-Стеллаж 9,9096.18,18
BCN-001043,Кофе Max-284,Продукты питания,АО 'Торговый дом',947,1.0,NULL,Ряд 19-Стеллаж 4,542.31,17
HGF-001044,Одеяло B-826,Товары для дома,ИП Петрова,769,0.1,2029-06-28,Ряд 5-Стеллаж 2,27707.83,1
ZJO-001045,Ноутбук B-471,Электроника,ИП Иванов,93,1.0,2029-09-04,Ряд 16-Стеллаж 8,4829.4,20
PXX-001046,Духи B-103,Косметика,АО 'Торговый дом',3,0.1,2028-05-20,Ряд 19-Стеллаж 39,42487.0,2
WKL-001047,Чай Pro-809,Продукты питания,Торговый дом 'Восточный',909,0.5,2028-04-17,Ряд 18-Стеллаж 49,13622.58,14
WIA-001048,Велосипед B-807,Спорттовары,ИП Петрова,397,2.0,NULL,Ряд 5-Стеллаж 46,3913.98,58
KFJ-001049,Тональный крем B-661,Косметика,Группа 'Мегаполис',732,0.1,2028-03-24,Ряд 20-Стеллаж 31,48034.72,2
SLU-001050,Отвертка C-376,Инструменты,ИП Петрова,353,0.5,2030-08-30,Ряд 14-Стеллаж 6,21896.25,9
XGE-001051,Стиральный порошок Max-938,Бытовая химия,ИП Петрова,660,0.5,2028-05-14,Ряд 13-Стеллаж 24,2446.53,7
EQO-001052,Духи Pro-320,Косметика,АО 'Торговый дом',537,5.0,NULL,Ряд 5-Стеллаж 28,13961.75,60
EBW-001053,Одеяло A-828,Товары для дома,ООО 'Поставщик+',586,1.0,NULL,Ряд 18-Стеллаж 31,47103.7,12
YPC-001054,Джинсы B-547,Одежда,Компания 'Логистик',836,2.0,NULL,Ряд 15-Стеллаж 36,38054.97,60
YGA-001055,Крупа B-248,Продукты питания,Компания 'Логистик',525,2.0,2028-06-25,Ряд 13-Стеллаж 9,8391.71,44
WVO-001056,Крем Pro-140,Косметика,ТД 'Универсал',251,0.5,NULL,Ряд 8-Стеллаж 11,32024.8,4
ALU-001057,Клетка C-537,Зоотовары,АО 'РегионСнаб',563,0.5,2030-10-12,Ряд 17-Стеллаж 23,39329.92,12
YEW-001058,Макароны A-323,Продукты питания,ООО 'Поставщик+',211,0.1,2028-10-23,Ряд 20-Стеллаж 27,19159.49,1
MTF-001059,Игрушка Pro-259,Зоотовары,ИП Иванов,460,2.0,NULL,Ряд 10-Стеллаж 26,12262.36,14
MMM-001060,Мыло A-359,Бытовая химия,ТД 'Универсал',133,0.5,NULL,Ряд 5-Стеллаж 41,46141.2,8
MKQ-001061,Дрель Lite-170,Инструменты,АО 'Торговый дом',612,0.1,2028-05-22,Ряд 16-Стеллаж 5,17656.5,1
ACT-001062,Коврик Lite-472,Спорттовары,Компания 'Логистик',61,0.1,2028-12-06,Ряд 17-Стеллаж 24,1255.79,1
JIJ-001063,Лыжи Lite-69,Спорттовары,ИП Петрова,126,2.0,2031-01-17,Ряд 2-Стеллаж 43,38976.43,60
ZDV-001064,Степлер Pro-283,Канцтовары,ЗАО 'СкладСервис',731,0.5,2028-12-20,Ряд 5-Стеллаж 49,45753.99,4
KBH-001065,Консервы A-168,Продукты питания,Группа 'Мегаполис',428,1.0,2029-01-05,Ряд 14-Стеллаж 36,28430.93,13
WGM-001066,Куртка Lite-746,Одежда,Группа 'Мегаполис',479,5.0,2027-02-16,Ряд 16-Стеллаж 8,4044.48,105
ZWY-001067,Тональный крем Lite-699,Косметика,ИП Петрова,571,0.5,2029-12-29,Ряд 17-Стеллаж 10,33404.21,14
HPX-001068,Мыло C-110,Бытовая химия,ООО 'Поставщик+',444,0.5,2029-11-06,Ряд 16-Стеллаж 47,49566.08,4
VOV-001069,Мыло C-84,Бытовая химия,Группа 'Мегаполис',475,5.0,2030-12-31,Ряд 12-Стеллаж 27,37139.05,100
GQY-001070,Поводок C-122,Зоотовары,АО 'Торговый дом',793,0.5,2030-08-03,Ряд 5-Стеллаж 27,23685.05,3
IMZ-001071,Отвертка Lite-335,Инструменты,ИП Петрова,219,0.5,2027-12-20,Ряд 8-Стеллаж 40,40236.25,8
PWC-001072,Футболка B-299,Одежда,Торговый дом 'Восточный',8,0.1,2028-09-06,Ряд 5-Стеллаж 4,154.26,1
ZJR-001073,Роман A-630,Книги,ООО 'ИмпортТрейд',682,1.0,NULL,Ряд 10-Стеллаж 22,5043.57,25
AXU-001074,Отвертка A-474,Инструменты,ТД 'Универсал',110,0.1,2028-11-21,Ряд 17-Стеллаж 5,41598.52,1
PGQ-001075,Словарь Max-485,Книги,ООО 'ОптТорг',98,0.5,2029-02-04,Ряд 10-Стеллаж 3,19700.0,8
VJN-001076,Помада B-721,Косметика,ЗАО 'СкладСервис',722,2.0,2029-06-25,Ряд 10-Стеллаж 43,16364.15,28
ECP-001077,Куртка Lite-245,Одежда,ИП Иванов,110,10.0,2026-05-24,Ряд 3-Стеллаж 19,38529.82,290
SLD-001078,Клетка B-354,Зоотовары,ЗАО 'СкладСервис',965,1.0,2029-05-04,Ряд 16-Стеллаж 42,1740.11,12
BAW-001079,Помада Max-323,Косметика,АО 'РегионСнаб',191,2.0,2030-05-24,Ряд 11-Стеллаж 29,6688.52,34
YTW-001080,Крупа A-906,Продукты питания,ООО 'Поставщик+',890,2.0,2028-04-30,Ряд 3-Стеллаж 32,43782.27,34
DNM-001081,Крем Pro-791,Косметика,Группа 'Мегаполис',738,0.1,2030-03-09,Ряд 11-Стеллаж 40,18682.54,0
VNF-001082,Степлер B-446,Канцтовары,ЗАО 'СкладСервис',674,2.0,2031-02-21,Ряд 13-Стеллаж 34,49681.87,52
UTB-001083,Роман Pro-850,Книги,ИП Петрова,560,0.1,NULL,Ряд 11-Стеллаж 2,20396.45,2
WYX-001084,Одеяло Max-927,Товары для дома,ИП Петрова,236,5.0,NULL,Ряд 9-Стеллаж 20,44581.08,40
PKA-001085,Мыло Lite-834,Бытовая химия,ООО 'Поставщик+',227,5.0,NULL,Ряд 1-Стеллаж 28,2435.8,45
XYA-001086,Энциклопедия A-876,Книги,ЗАО 'СкладСервис',806,0.5,2030-12-13,Ряд 19-Стеллаж 14,26727.8,12
GZO-001087,Ручка A-133,Канцтовары,ИП Иванов,558,1.0,2028-08-11,Ряд 11-Стеллаж 42,12317.54,22
YTE-001088,Тушь Lite-709,Косметика,ЗАО 'СкладСервис',263,0.5,NULL,Ряд 6-Стеллаж 24,4925.34,8
OBZ-001089,Кроссовки Lite-477,Одежда,ООО 'Поставщик+',976,0.1,2027-09-01,Ряд 4-Стеллаж 49,22592.02,1
NMP-001090,Футболка Lite-824,Одежда,ООО 'ИмпортТрейд',807,0.1,2026-09-23,Ряд 7-Стеллаж 35,47249.79,3
ZTZ-001091,Чай A-827,Продукты питания,ИП Иванов,350,0.1,2030-11-06,Ряд 12-Стеллаж 2,17042.03,1
NVF-001092,Шампунь Pro-330,Бытовая химия,ИП Петрова,652,0.5,2028-07-16,Ряд 8-Стеллаж 43,46693.12,11
QFB-001093,Шина Pro-88,Автотовары,Группа 'Мегаполис',3,1.0,2030-04-02,Ряд 11-Стеллаж 27,37499.15,7
DCN-001094,Куртка B-320,Одежда,ИП Петрова,139,0.5,2030-01-27,Ряд 4-Стеллаж 40,40550.92,13
NLB-001095,Куртка Pro-77,Одежда,ООО 'Поставщик+',961,0.5,2027-02-28,Ряд 9-Стеллаж 25,49964.07,7
ZJM-001096,Фантастика Lite-614,Книги,Компания 'Логистик',416,0.1,2028-01-31,Ряд 6-Стеллаж 46,4699.16,1
WJC-001097,Крем C-319,Косметика,ООО 'ИмпортТрейд',325,2.0,2026-12-29,Ряд 7-Стеллаж 38,40028.56,28
VOO-001098,Куртка Pro-96,Одежда,Торговый дом 'Восточный',562,5.0,2029-10-31,Ряд 4-Стеллаж 26,37627.48,40
RGB-001099,Платье Lite-110,Одежда,АО 'Торговый дом',971,5.0,NULL,Ряд 16-Стеллаж 3,23487.69,90
GPO-001100,Моющее средство B-756,Бытовая химия,АО 'Торговый дом',342,0.1,2028-09-29,Ряд 1-Стеллаж 31,10959.97,2
YWN-001101,Пила B-628,Инструменты,ООО 'Поставщик+',697,0.5,2028-10-12,Ряд 7-Стеллаж 32,27400.81,4
RFN-001102,Папка C-664,Канцтовары,ИП Иванов,414,5.0,2029-10-11,Ряд 9-Стеллаж 16,30838.42,50
PAC-001103,Одеяло B-729,Товары для дома,Группа 'Мегаполис',764,0.1,2026-12-29,Ряд 6-Стеллаж 42,29031.2,2
BZT-001104,Роман Max-15,Книги,АО 'Торговый дом',700,0.5,2027-12-10,Ряд 4-Стеллаж 37,190.74,6
KIL-001105,Чай Max-207,Продукты питания,Торговый дом 'Восточный',663,2.0,2030-06-20,Ряд 13-Стеллаж 43,25967.35,30
WDK-001106,Стиральный порошок Pro-475,Бытовая химия,ЗАО 'СкладСервис',878,5.0,2028-07-15,Ряд 16-Стеллаж 18,21900.67,75
EUV-001107,Детектив A-485,Книги,ТД 'Универсал',536,0.1,NULL,Ряд 10-Стеллаж 10,14208.14,1
UNP-001108,Тетрадь Pro-226,Канцтовары,Компания 'Логистик',659,0.1,2029-02-03,Ряд 9-Стеллаж 31,48177.23,1
LDU-001109,Поводок Max-102,Зоотовары,ТД 'Универсал',393,0.1,2028-12-22,Ряд 4-Стеллаж 18,36076.07,2
HRU-001110,Фантастика Lite-589,Книги,АО 'РегионСнаб',20,0.1,NULL,Ряд 10-Стеллаж 17,40495.02,2
UNE-001111,Фильтр A-751,Автотовары,ООО 'ОптТорг',3,0.1,2030-07-08,Ряд 19-Стеллаж 22,122.95,1
HTG-001112,Духи C-47,Косметика,ИП Петрова,204,1.0,2030-03-01,Ряд 4-Стеллаж 25,23619.13,13
WJT-001113,Гантели Pro-888,Спорттовары,ООО 'ИмпортТрейд',504,0.1,NULL,Ряд 3-Стеллаж 7,28279.69,1
BMN-001114,Роман A-263,Книги,АО 'Торговый дом',105,1.0,2028-12-03,Ряд 8-Стеллаж 48,10765.96,18
APD-001115,Тушь Lite-550,Косметика,ЗАО 'СкладСервис',602,2.0,2027-06-05,Ряд 11-Стеллаж 16,30608.11,18
TYG-001116,Масло A-516,Автотовары,Торговый дом 'Восточный',283,0.5,2028-03-14,Ряд 16-Стеллаж 14,39796.33,8
PYH-001117,Ключ A-684,Инструменты,Торговый дом 'Восточный',357,5.0,2029-01-31,Ряд 1-Стеллаж 48,4920.68,135
HEE-001118,Детектив B-634,Книги,ООО 'Поставщик+',750,0.1,2027-09-20,Ряд 5-Стеллаж 19,23069.71,2
DDX-001119,Шампунь Pro-8,Бытовая химия,ООО 'ИмпортТрейд',642,2.0,2029-02-02,Ряд 14-Стеллаж 10,34411.46,24
EAE-001120,Отвертка C-731,Инструменты,АО 'Торговый дом',86,2.0,2027-05-15,Ряд 5-Стеллаж 27,5466.56,28
NOR-001121,Свеча B-626,Товары для дома,ИП Петрова,337,2.0,2027-01-07,Ряд 18-Стеллаж 43,28386.32,42
VLI-001122,Подушка Lite-119,Товары для дома,Группа 'Мегаполис',948,1.0,NULL,Ряд 10-Стеллаж 25,38639.28,21
UDB-001123,Роман Lite-185,Книги,Торговый дом 'Восточный',546,5.0,2030-05-18,Ряд 19-Стеллаж 46,36893.73,55
OGD-001124,Смартфон C-268,Электроника,ООО 'ОптТорг',878,1.0,NULL,Ряд 18-Стеллаж 6,16988.64,24
IDE-001125,Молоток Pro-739,Инструменты,ТД 'Универсал',870,2.0,2026-06-29,Ряд 3-Стеллаж 34,7433.72,42
QCT-001126,Масло Max-32,Автотовары,ИП Иванов,697,0.1,NULL,Ряд 1-Стеллаж 50,1414.72,2
CET-001127,Поводок A-807,Зоотовары,ИП Петрова,83,0.1,2028-07-06,Ряд 4-Стеллаж 29,39193.3,2
QZA-001128,Консервы Lite-833,Продукты питания,ООО 'ИмпортТрейд',320,0.5,2030-12-28,Ряд 10-Стеллаж 49,14642.29,6
DRO-001129,Тушь Pro-481,Косметика,ТД 'Универсал',534,5.0,NULL,Ряд 10-Стеллаж 33,31101.67,40
BLA-001130,Картина C-543,Товары для дома,ООО 'Поставщик+',2,1.0,2028-03-22,Ряд 12-Стеллаж 41,17107.38,18
DJD-001131,Отвертка Lite-385,Инструменты,ИП Иванов,816,0.1,2028-01-25,Ряд 12-Стеллаж 43,2497.45,1
SOB-001132,Дворники Max-976,Автотовары,ООО 'Поставщик+',416,0.1,2030-09-29,Ряд 20-Стеллаж 23,39336.83,0
YYE-001133,Футболка C-641,Одежда,ООО 'Поставщик+',274,2.0,2029-07-31,Ряд 17-Стеллаж 8,44515.74,46
TZQ-001134,Лыжи Max-66,Спорттовары,ТД 'Универсал',510,2.0,2028-08-11,Ряд 7-Стеллаж 25,35923.16,26
KGR-001135,Макароны Pro-305,Продукты питания,Торговый дом 'Восточный',409,1.0,2027-08-23,Ряд 17-Стеллаж 37,32277.04,28
EGK-001136,Роман Pro-299,Книги,ИП Иванов,377,1.0,2028-09-30,Ряд 10-Стеллаж 50,12629.9,21
YQE-001137,Степлер Max-192,Канцтовары,Компания 'Логистик',887,2.0,2026-10-01,Ряд 8-Стеллаж 47,33803.76,34
HYX-001138,Монитор A-791,Электроника,ЗАО 'СкладСервис',86,0.5,2028-04-26,Ряд 9-Стеллаж 19,25673.36,11
FCG-001139,Роман Max-705,Книги,ООО 'ОптТорг',531,0.1,2028-02-04,Ряд 5-Стеллаж 30,30524.26,2
IHQ-001140,Крем Pro-746,Косметика,Группа 'Мегаполис',209,5.0,2028-02-28,Ряд 7-Стеллаж 34,12922.97,85
FDC-001141,Джинсы Lite-94,Одежда,Торговый дом 'Восточный',614,0.5,2028-11-09,Ряд 18-Стеллаж 4,30342.5,6
QFF-001142,Ключ Pro-777,Инструменты,ЗАО 'СкладСервис',330,10.0,2028-05-11,Ряд 3-Стеллаж 6,45910.61,260
ZZC-001143,Лыжи A-343,Спорттовары,АО 'РегионСнаб',797,1.0,2028-03-22,Ряд 6-Стеллаж 14,41026.43,7
UCD-001144,Подушка Max-930,Товары для дома,ООО 'ОптТорг',946,0.1,2030-10-24,Ряд 16-Стеллаж 17,36476.59,2
KAQ-001145,Стиральный порошок Lite-655,Бытовая химия,АО 'РегионСнаб',376,1.0,NULL,Ряд 2-Стеллаж 5,15595.83,9
UHO-001146,Моющее средство B-622,Бытовая химия,Группа 'Мегаполис',406,0.5,2028-12-11,Ряд 14-Стеллаж 13,8571.5,15
PDG-001147,Тушь B-533,Косметика,ООО 'ИмпортТрейд',345,0.5,NULL,Ряд 2-Стеллаж 45,37313.48,15
NYB-001148,Ручка Lite-711,Канцтовары,ЗАО 'СкладСервис',21,2.0,NULL,Ряд 13-Стеллаж 28,21796.79,60
CTL-001149,Смартфон A-396,Электроника,ООО 'Поставщик+',966,0.1,2029-04-21,Ряд 12-Стеллаж 25,19921.62,2
ELI-001150,Фантастика Lite-188,Книги,Группа 'Мегаполис',102,5.0,2027-11-17,Ряд 11-Стеллаж 23,2650.0,100
LCQ-001151,Масло A-248,Автотовары,АО 'РегионСнаб',781,1.0,2027-01-21,Ряд 7-Стеллаж 34,41578.01,16
HOU-001152,Шина Lite-742,Автотовары,Группа 'Мегаполис',350,0.1,2031-02-16,Ряд 5-Стеллаж 27,2353.72,1
DCJ-001153,Детектив C-597,Книги,Торговый дом 'Восточный',18,1.0,2028-07-11,Ряд 10-Стеллаж 19,28725.67,7
UKP-001154,Свеча A-911,Товары для дома,ИП Петрова,965,1.0,2030-04-09,Ряд 10-Стеллаж 36,32105.38,26
NDU-001155,Картина C-584,Товары для дома,АО 'РегионСнаб',652,5.0,2027-07-30,Ряд 11-Стеллаж 37,5192.05,35
QZF-001156,Кофе Lite-984,Продукты питания,Группа 'Мегаполис',110,0.1,2027-12-28,Ряд 5-Стеллаж 50,48457.05,1
YKS-001157,Гантели C-576,Спорттовары,ТД 'Универсал',158,0.5,2030-07-04,Ряд 1-Стеллаж 42,22127.37,15
YSN-001158,Мыло A-919,Бытовая химия,ООО 'ИмпортТрейд',686,1.0,2031-01-30,Ряд 5-Стеллаж 43,44858.43,7
IKR-001159,Кофе Max-151,Продукты питания,Торговый дом 'Восточный',579,1.0,NULL,Ряд 5-Стеллаж 26,29546.08,18
LGU-001160,Молоток Max-851,Инструменты,ИП Петрова,387,0.5,NULL,Ряд 7-Стеллаж 1,28111.61,10
RDE-001161,Гантели B-602,Спорттовары,ООО 'ИмпортТрейд',585,0.5,NULL,Ряд 7-Стеллаж 50,13389.0,12
UIN-001162,Клетка Lite-401,Зоотовары,ООО 'Поставщик+',875,0.1,2026-11-08,Ряд 8-Стеллаж 1,375.34,2
XKZ-001163,Кроссовки A-627,Одежда,АО 'РегионСнаб',515,0.1,2030-01-15,Ряд 1-Стеллаж 4,47269.91,1
QCQ-001164,Платье Max-148,Одежда,Торговый дом 'Восточный',329,0.1,2031-02-02,Ряд 7-Стеллаж 38,47473.71,2
BJQ-001165,Духи Max-413,Косметика,ООО 'Поставщик+',917,0.5,2030-05-10,Ряд 6-Стеллаж 4,35730.05,10
TKD-001166,Кофе Max-955,Продукты питания,ООО 'ИмпортТрейд',19,1.0,2030-12-03,Ряд 16-Стеллаж 25,46158.35,12
PTG-001167,Дрель C-733,Инструменты,ООО 'ОптТорг',690,0.5,2029-04-11,Ряд 7-Стеллаж 30,11644.05,5
YFX-001168,Отвертка A-389,Инструменты,АО 'Торговый дом',478,0.5,2029-04-24,Ряд 6-Стеллаж 44,5127.75,13
CTG-001169,Мяч Max-559,Спорттовары,ЗАО 'СкладСервис',325,0.1,2030-02-05,Ряд 13-Стеллаж 8,9559.84,2
HGB-001170,Консервы B-463,Продукты питания,ИП Петрова,330,0.1,NULL,Ряд 2-Стеллаж 7,21586.43,1
FGC-001171,Масло B-655,Автотовары,ООО 'ОптТорг',110,5.0,2030-12-19,Ряд 17-Стеллаж 11,45762.77,45
CMV-001172,Велосипед Max-704,Спорттовары,ИП Иванов,104,1.0,2028-08-14,Ряд 14-Стеллаж 11,28647.36,17
PGL-001173,Шампунь Max-24,Бытовая химия,ООО 'ОптТорг',248,2.0,NULL,Ряд 11-Стеллаж 27,1506.39,28
MSO-001174,Лоток B-881,Зоотовары,АО 'РегионСнаб',412,1.0,2028-07-04,Ряд 13-Стеллаж 32,11835.7,19
UJA-001175,Гантели A-403,Спорттовары,ИП Иванов,86,1.0,2026-06-09,Ряд 8-Стеллаж 41,17497.73,28
RRA-001176,Тетрадь A-585,Канцтовары,ООО 'ОптТорг',458,5.0,NULL,Ряд 19-Стеллаж 10,36637.86,115
DOZ-001177,Картина A-976,Товары для дома,ООО 'Поставщик+',570,1.0,NULL,Ряд 14-Стеллаж 40,30467.62,16
EXA-001178,Бумага Lite-993,Канцтовары,ООО 'Поставщик+',974,1.0,NULL,Ряд 18-Стеллаж 28,48751.72,26
HDW-001179,Степлер Lite-469,Канцтовары,Торговый дом 'Восточный',624,0.5,NULL,Ряд 3-Стеллаж 19,17371.63,13
ZTA-001180,Игрушка Lite-788,Зоотовары,ТД 'Универсал',93,0.5,2026-07-07,Ряд 18-Стеллаж 26,22406.58,11
ZEY-001181,Аккумулятор Lite-154,Автотовары,Компания 'Логистик',389,2.0,NULL,Ряд 15-Стеллаж 32,30541.07,44
WOL-001182,Масло Max-545,Автотовары,Торговый дом 'Восточный',865,0.1,2026-08-19,Ряд 17-Стеллаж 37,9847.87,3
INK-001183,Чай Pro-746,Продукты питания,ЗАО 'СкладСервис',640,2.0,NULL,Ряд 9-Стеллаж 2,33195.33,36
QRO-001184,Монитор Pro-472,Электроника,ЗАО 'СкладСервис',127,0.1,NULL,Ряд 11-Стеллаж 24,13452.71,1
PFJ-001185,Одеяло Lite-984,Товары для дома,Компания 'Логистик',190,1.0,2031-02-24,Ряд 19-Стеллаж 18,39487.28,14
XOC-001186,Отвертка C-399,Инструменты,ИП Иванов,266,0.1,2029-03-18,Ряд 18-Стеллаж 49,16927.5,2
EOK-001187,Подушка Lite-728,Товары для дома,Группа 'Мегаполис',889,1.0,2030-03-28,Ряд 4-Стеллаж 15,43029.49,23
KJY-001188,Фильтр A-199,Автотовары,ООО 'ОптТорг',269,5.0,2029-12-17,Ряд 16-Стеллаж 50,34021.15,75
HQW-001189,Коврик Lite-242,Спорттовары,ИП Петрова,76,5.0,2030-11-17,Ряд 6-Стеллаж 4,9997.43,145
GAV-001190,Стиральный порошок B-747,Бытовая химия,АО 'РегионСнаб',314,0.1,2028-06-08,Ряд 4-Стеллаж 21,41388.59,1
EQF-001191,Молоток Lite-273,Инструменты,ТД 'Универсал',745,2.0,NULL,Ряд 14-Стеллаж 29,42585.39,16
YDW-001192,Кроссовки A-713,Одежда,Компания 'Логистик',973,2.0,NULL,Ряд 12-Стеллаж 12,22858.82,52
PMB-001193,Фантастика C-412,Книги,ИП Иванов,775,0.5,2028-03-05,Ряд 5-Стеллаж 16,42242.87,11
EDI-001194,Отвертка Pro-724,Инструменты,АО 'РегионСнаб',59,5.0,2030-09-08,Ряд 18-Стеллаж 29,14012.93,60
IIT-001195,Игрушка Lite-132,Зоотовары,Компания 'Логистик',554,1.0,2030-03-15,Ряд 11-Стеллаж 46,42086.74,16
HPD-001196,Куртка Max-236,Одежда,Торговый дом 'Восточный',438,10.0,NULL,Ряд 1-Стеллаж 3,2191.6,160
PWB-001197,Шампунь A-535,Бытовая химия,ИП Иванов,658,2.0,2029-12-10,Ряд 3-Стеллаж 14,328.21,34
FQO-001198,Кофе Max-503,Продукты питания,ЗАО 'СкладСервис',102,0.1,2028-08-15,Ряд 17-Стеллаж 40,19184.22,2
DZR-001199,Мыло Lite-757,Бытовая химия,АО 'РегионСнаб',459,2.0,2029-10-21,Ряд 14-Стеллаж 10,37357.66,22
SXH-001200,Джинсы B-622,Одежда,ООО 'ОптТорг',223,2.0,2026-12-12,Ряд 4-Стеллаж 48,6729.6,18
DVA-001201,Помада B-209,Косметика,ИП Петрова,94,0.1,NULL,Ряд 3-Стеллаж 34,12275.19,1
SMA-001202,Макароны Max-997,Продукты питания,ТД 'Универсал',413,0.5,2029-02-26,Ряд 6-Стеллаж 23,24029.98,8
JQM-001203,Пила Pro-922,Инструменты,ИП Иванов,883,1.0,2028-09-01,Ряд 17-Стеллаж 50,42751.21,30
RGC-001204,Ноутбук Pro-807,Электроника,ООО 'ОптТорг',889,0.1,2030-10-17,Ряд 6-Стеллаж 5,22885.48,1
SFO-001205,Одеяло Max-422,Товары для дома,ИП Иванов,979,2.0,2029-02-17,Ряд 5-Стеллаж 37,47761.88,52
WYT-001206,Тетрадь Lite-877,Канцтовары,ЗАО 'СкладСервис',874,1.0,2028-12-20,Ряд 8-Стеллаж 11,16288.87,18
XFO-001207,Духи A-585,Косметика,Компания 'Логистик',427,0.1,2030-12-05,Ряд 8-Стеллаж 11,40421.68,1
IWP-001208,Дворники B-451,Автотовары,ИП Петрова,732,1.0,2026-10-23,Ряд 20-Стеллаж 38,21967.86,12
BBG-001209,Одеяло Lite-975,Товары для дома,ТД 'Универсал',777,0.5,2029-05-13,Ряд 16-Стеллаж 46,44774.37,8
OXG-001210,Консервы Lite-193,Продукты питания,ООО 'Поставщик+',831,1.0,NULL,Ряд 12-Стеллаж 26,36473.69,30
EWG-001211,Коврик Max-216,Спорттовары,ТД 'Универсал',621,2.0,2031-01-27,Ряд 17-Стеллаж 33,43187.97,42
SSW-001212,Игрушка Pro-661,Зоотовары,ООО 'ОптТорг',365,0.1,2028-07-03,Ряд 2-Стеллаж 13,915.98,1
COU-001213,Степлер B-798,Канцтовары,АО 'Торговый дом',471,0.1,2026-06-24,Ряд 19-Стеллаж 6,1190.89,1
YYT-001214,Корм Lite-426,Зоотовары,ООО 'Поставщик+',94,0.5,NULL,Ряд 17-Стеллаж 13,2881.6,6
ZCR-001215,Масло B-162,Автотовары,АО 'Торговый дом',623,5.0,2026-09-28,Ряд 2-Стеллаж 41,7589.04,55
DRS-001216,Масло A-116,Автотовары,АО 'РегионСнаб',477,2.0,2026-04-05,Ряд 4-Стеллаж 39,38580.28,56
JCX-001217,Наушники B-203,Электроника,АО 'Торговый дом',632,1.0,NULL,Ряд 11-Стеллаж 43,37141.85,23
YTF-001218,Тушь Lite-107,Косметика,ИП Петрова,197,0.5,NULL,Ряд 1-Стеллаж 43,8982.94,13
DUE-001219,Куртка B-154,Одежда,Компания 'Логистик',23,2.0,2031-02-08,Ряд 5-Стеллаж 22,42999.2,50
PJA-001220,Картина C-132,Товары для дома,Группа 'Мегаполис',717,2.0,2028-07-14,Ряд 1-Стеллаж 14,35797.88,50
UPV-001221,Куртка Lite-376,Одежда,Группа 'Мегаполис',992,0.5,2026-07-28,Ряд 7-Стеллаж 28,46761.68,12
KTD-001222,Смартфон C-629,Электроника,Компания 'Логистик',964,0.1,2028-04-22,Ряд 5-Стеллаж 31,46512.75,2
EGM-001223,Наушники B-134,Электроника,ИП Иванов,613,1.0,2028-08-22,Ряд 14-Стеллаж 28,43105.12,7
DHQ-001224,Футболка B-61,Одежда,ООО 'ИмпортТрейд',327,0.1,2027-02-22,Ряд 1-Стеллаж 15,35074.99,1
DQX-001225,Ключ Max-798,Инструменты,ТД 'Универсал',577,5.0,2030-07-15,Ряд 10-Стеллаж 40,3290.88,105
ZJL-001226,Консервы Lite-61,Продукты питания,Группа 'Мегаполис',257,0.5,NULL,Ряд 9-Стеллаж 30,21737.53,5
TUN-001227,Наушники B-434,Электроника,Группа 'Мегаполис',27,2.0,2029-06-14,Ряд 4-Стеллаж 29,19961.99,18
NON-001228,Роман Pro-87,Книги,ЗАО 'СкладСервис',375,0.5,2027-01-06,Ряд 1-Стеллаж 47,5453.67,8
FBL-001229,Мыло Pro-308,Бытовая химия,ООО 'Поставщик+',473,1.0,NULL,Ряд 2-Стеллаж 19,18088.0,23
FKC-001230,Шампунь Max-440,Бытовая химия,ООО 'Поставщик+',17,1.0,2026-09-03,Ряд 18-Стеллаж 34,33834.49,21
PMF-001231,Коврик Pro-911,Спорттовары,ООО 'Поставщик+',341,0.1,2029-04-15,Ряд 20-Стеллаж 26,7871.39,2
KVC-001232,Свеча Pro-436,Товары для дома,АО 'Торговый дом',537,0.1,2027-03-02,Ряд 16-Стеллаж 2,1652.63,1
CZQ-001233,Планшет Lite-242,Электроника,АО 'Торговый дом',814,0.1,2030-10-14,Ряд 4-Стеллаж 17,1915.67,3
OYB-001234,Роман C-804,Книги,ИП Петрова,775,1.0,2029-09-04,Ряд 19-Стеллаж 1,15786.6,28
EGP-001235,Ноутбук Max-67,Электроника,ИП Петрова,304,1.0,2030-05-18,Ряд 20-Стеллаж 34,49485.41,27
FPR-001236,Отвертка Pro-294,Инструменты,АО 'РегионСнаб',617,1.0,2027-06-14,Ряд 14-Стеллаж 25,47774.83,11
YMO-001237,Стиральный порошок Lite-457,Бытовая химия,Группа 'Мегаполис',850,0.1,2029-05-06,Ряд 17-Стеллаж 43,29569.2,1
UBV-001238,Тональный крем B-109,Косметика,ИП Иванов,904,0.5,NULL,Ряд 7-Стеллаж 30,2596.49,10
CBE-001239,Лоток Lite-526,Зоотовары,ЗАО 'СкладСервис',28,1.0,2028-09-11,Ряд 18-Стеллаж 6,11798.78,28
PXU-001240,Масло A-994,Автотовары,ИП Иванов,918,0.1,2030-12-27,Ряд 19-Стеллаж 19,46393.78,2
OKG-001241,Лыжи Pro-996,Спорттовары,ИП Иванов,164,2.0,2030-02-28,Ряд 17-Стеллаж 33,36885.41,28
NLA-001242,Крупа B-390,Продукты питания,ООО 'Поставщик+',831,0.1,NULL,Ряд 16-Стеллаж 21,23690.1,0
OHK-001243,Лоток B-475,Зоотовары,ЗАО 'СкладСервис',86,5.0,2029-09-05,Ряд 6-Стеллаж 39,33537.1,120
SKY-001244,Поводок A-810,Зоотовары,ТД 'Универсал',680,1.0,2027-04-15,Ряд 19-Стеллаж 23,11505.4,10
PCL-001245,Аккумулятор C-110,Автотовары,ООО 'ОптТорг',657,0.1,NULL,Ряд 18-Стеллаж 36,11245.33,3
ULU-001246,Поводок Lite-386,Зоотовары,ЗАО 'СкладСервис',656,0.5,2028-12-16,Ряд 2-Стеллаж 39,46315.04,14
JGG-001247,Подушка Pro-146,Товары для дома,АО 'РегионСнаб',26,0.1,2028-07-11,Ряд 15-Стеллаж 1,7689.82,1
EYP-001248,Мыло Lite-410,Бытовая химия,ЗАО 'СкладСервис',416,0.1,NULL,Ряд 17-Стеллаж 37,48009.7,1
NNP-001249,Молоток Lite-854,Инструменты,ИП Иванов,264,0.5,2026-12-03,Ряд 15-Стеллаж 39,28808.72,10
BHF-001250,Платье A-239,Одежда,ИП Петрова,917,2.0,NULL,Ряд 20-Стеллаж 41,40752.43,26
FSX-001251,Ручка B-369,Канцтовары,ИП Иванов,254,0.1,2028-01-24,Ряд 18-Стеллаж 33,4765.06,1
XHH-001252,Кофе Pro-412,Продукты питания,Компания 'Логистик',127,1.0,2028-05-04,Ряд 7-Стеллаж 45,14493.15,7
VMT-001253,Роман Lite-555,Книги,АО 'Торговый дом',790,0.5,NULL,Ряд 18-Стеллаж 37,37662.76,13
YSW-001254,Дворники B-942,Автотовары,ООО 'ОптТорг',148,0.1,2030-06-26,Ряд 17-Стеллаж 7,39374.48,1
KJG-001255,Пила C-953,Инструменты,ИП Петрова,679,0.5,2029-02-14,Ряд 19-Стеллаж 26,34839.14,12
NOR-001256,Кроссовки Max-185,Одежда,ООО 'ИмпортТрейд',348,1.0,2028-06-09,Ряд 4-Стеллаж 8,30704.17,30
BRM-001257,Ручка B-853,Канцтовары,Группа 'Мегаполис',713,5.0,NULL,Ряд 4-Стеллаж 5,23750.32,100
PTO-001258,Дрель Lite-58,Инструменты,Группа 'Мегаполис',431,0.5,2028-11-13,Ряд 4-Стеллаж 33,28984.48,8
JAA-001259,Поводок Pro-385,Зоотовары,ЗАО 'СкладСервис',586,0.5,2026-08-08,Ряд 17-Стеллаж 38,12548.38,4
RHX-001260,Коврик Pro-886,Спорттовары,ИП Петрова,445,0.5,NULL,Ряд 14-Стеллаж 17,8133.37,8
JTI-001261,Смартфон Pro-134,Электроника,ИП Петрова,461,2.0,2028-01-22,Ряд 8-Стеллаж 13,39073.91,52
GUG-001262,Молоток Pro-648,Инструменты,АО 'РегионСнаб',802,0.1,NULL,Ряд 14-Стеллаж 22,35044.89,0
IPF-001263,Ноутбук Pro-439,Электроника,ООО 'Поставщик+',711,5.0,NULL,Ряд 6-Стеллаж 8,8786.65,80
ZMR-001264,Крем A-382,Косметика,АО 'РегионСнаб',137,2.0,NULL,Ряд 1-Стеллаж 7,3999.3,30
XWV-001265,Тональный крем Pro-493,Косметика,ООО 'ОптТорг',816,0.5,2028-03-13,Ряд 18-Стеллаж 1,5461.98,12
SZD-001266,Платье C-874,Одежда,ИП Иванов,591,1.0,2028-03-28,Ряд 9-Стеллаж 29,6788.76,29
EVB-001267,Энциклопедия B-441,Книги,АО 'Торговый дом',941,0.1,2028-08-24,Ряд 9-Стеллаж 15,36784.02,2
IPK-001268,Мяч Max-571,Спорттовары,ООО 'Поставщик+',472,1.0,NULL,Ряд 9-Стеллаж 33,8782.68,11
SGI-001269,Тушь Max-377,Косметика,ООО 'ИмпортТрейд',816,2.0,2027-04-19,Ряд 2-Стеллаж 44,47231.41,30
HMT-001270,Шампунь Max-963,Бытовая химия,АО 'Торговый дом',114,0.1,2027-08-06,Ряд 15-Стеллаж 19,38499.06,2
QVC-001271,Дворники Lite-389,Автотовары,АО 'РегионСнаб',782,0.1,NULL,Ряд 6-Стеллаж 32,8527.57,1
RVX-001272,Бумага C-732,Канцтовары,Торговый дом 'Восточный',12,1.0,2028-07-16,Ряд 20-Стеллаж 25,48117.69,8
QAP-001273,Мыло A-37,Бытовая химия,ООО 'ИмпортТрейд',736,0.5,2026-07-23,Ряд 20-Стеллаж 15,16584.65,7
WWU-001274,Энциклопедия B-286,Книги,АО 'Торговый дом',527,0.1,2030-12-30,Ряд 10-Стеллаж 33,45254.9,2
GXY-001275,Тональный крем Lite-223,Косметика,Компания 'Логистик',437,0.1,NULL,Ряд 18-Стеллаж 24,34437.28,2
LUC-001276,Лоток Lite-677,Зоотовары,ЗАО 'СкладСервис',666,2.0,2029-07-07,Ряд 20-Стеллаж 8,7396.82,42
GOK-001277,Свеча Lite-720,Товары для дома,ИП Петрова,593,0.5,2029-01-12,Ряд 20-Стеллаж 4,15338.45,8
DMH-001278,Аккумулятор Max-259,Автотовары,ЗАО 'СкладСервис',140,0.1,2027-04-08,Ряд 3-Стеллаж 47,49325.46,2
EDF-001279,Гантели A-662,Спорттовары,ЗАО 'СкладСервис',231,1.0,2026-11-30,Ряд 8-Стеллаж 16,28422.26,10
RMK-001280,Крупа A-46,Продукты питания,ИП Петрова,215,10.0,2028-06-10,Ряд 19-Стеллаж 36,46209.95,120
VAF-001281,Монитор Max-889,Электроника,ООО 'Поставщик+',64,1.0,2030-04-17,Ряд 4-Стеллаж 3,45506.54,23
OUM-001282,Молоток Max-241,Инструменты,АО 'Торговый дом',11,0.5,2027-09-11,Ряд 12-Стеллаж 25,39853.14,8
XHI-001283,Моющее средство B-323,Бытовая химия,ЗАО 'СкладСервис',966,0.1,2030-11-14,Ряд 9-Стеллаж 27,39162.77,2
IWP-001284,Корм C-837,Зоотовары,АО 'Торговый дом',35,0.1,2028-04-04,Ряд 15-Стеллаж 49,20243.67,1
VYY-001285,Свеча Pro-276,Товары для дома,АО 'РегионСнаб',448,2.0,NULL,Ряд 2-Стеллаж 28,21670.9,56
CAQ-001286,Бумага A-409,Канцтовары,Компания 'Логистик',888,0.1,2029-06-04,Ряд 10-Стеллаж 1,40397.75,2
PXP-001287,Картина B-387,Товары для дома,ТД 'Универсал',42,0.5,2029-04-03,Ряд 14-Стеллаж 27,27434.33,8
NOQ-001288,Кофе A-484,Продукты питания,АО 'РегионСнаб',621,0.5,2030-08-05,Ряд 18-Стеллаж 36,26025.95,13
NRQ-001289,Подушка Max-609,Товары для дома,АО 'Торговый дом',372,0.1,2030-03-14,Ряд 15-Стеллаж 5,28489.02,1
GAC-001290,Пила A-310,Инструменты,Торговый дом 'Восточный',782,10.0,2031-02-03,Ряд 19-Стеллаж 36,41560.3,120
ZOA-001291,Свеча Pro-468,Товары для дома,ООО 'ИмпортТрейд',956,0.1,2030-03-10,Ряд 11-Стеллаж 33,15752.01,1
HCT-001292,Дворники Pro-963,Автотовары,Компания 'Логистик',394,1.0,NULL,Ряд 18-Стеллаж 10,14052.53,26
DGE-001293,Картина C-698,Товары для дома,ТД 'Универсал',342,0.5,2029-08-24,Ряд 12-Стеллаж 18,45816.58,5
HMV-001294,Степлер A-961,Канцтовары,АО 'РегионСнаб',798,0.5,2028-12-15,Ряд 5-Стеллаж 24,24872.4,3
TBK-001295,Словарь Lite-167,Книги,ООО 'ИмпортТрейд',419,0.1,2029-05-07,Ряд 5-Стеллаж 18,42388.53,2
XPX-001296,Помада B-93,Косметика,ООО 'Поставщик+',59,0.1,2031-01-23,Ряд 6-Стеллаж 11,34457.92,2
DKK-001297,Лыжи B-865,Спорттовары,ООО 'ИмпортТрейд',6,0.5,2028-06-29,Ряд 3-Стеллаж 8,28739.33,3
MUZ-001298,Корм Lite-140,Зоотовары,АО 'Торговый дом',322,0.1,2028-05-29,Ряд 12-Стеллаж 15,47352.86,2
FAB-001299,Ключ Max-336,Инструменты,ИП Петрова,321,1.0,2029-08-08,Ряд 3-Стеллаж 33,28721.42,16
SFQ-001300,Свеча A-424,Товары для дома,ООО 'ОптТорг',479,0.5,2030-06-23,Ряд 12-Стеллаж 9,29779.14,7
VCQ-001301,Роман A-265,Книги,ООО 'ОптТорг',947,0.1,NULL,Ряд 10-Стеллаж 35,4177.99,3
IDU-001302,Поводок Pro-263,Зоотовары,ИП Петрова,412,0.1,2026-04-13,Ряд 15-Стеллаж 19,10706.12,3
NWG-001303,Крупа Lite-562,Продукты питания,АО 'РегионСнаб',542,0.1,2028-09-10,Ряд 14-Стеллаж 3,37279.33,2
FSG-001304,Тушь Pro-937,Косметика,ООО 'ОптТорг',515,0.1,2027-08-30,Ряд 11-Стеллаж 15,19162.12,2
DBI-001305,Аккумулятор B-211,Автотовары,ТД 'Универсал',949,0.1,2030-09-06,Ряд 20-Стеллаж 22,17654.34,1
OSA-001306,Смартфон Max-615,Электроника,ООО 'ОптТорг',959,0.5,NULL,Ряд 16-Стеллаж 41,35006.87,15
CGY-001307,Платье Max-399,Одежда,ТД 'Универсал',797,0.5,NULL,Ряд 1-Стеллаж 10,16460.27,8
BSE-001308,Ноутбук A-915,Электроника,АО 'РегионСнаб',734,1.0,2028-01-18,Ряд 9-Стеллаж 45,47027.81,28
CDL-001309,Ручка C-114,Канцтовары,ИП Петрова,365,2.0,NULL,Ряд 14-Стеллаж 49,40632.18,16
IWY-001310,Ручка Pro-103,Канцтовары,ЗАО 'СкладСервис',702,1.0,2028-05-25,Ряд 20-Стеллаж 22,1647.93,16
TSV-001311,Масло A-403,Автотовары,ИП Петрова,563,0.1,2030-03-20,Ряд 1-Стеллаж 15,33338.03,0
HRF-001312,Духи Pro-47,Косметика,Торговый дом 'Восточный',12,0.1,NULL,Ряд 9-Стеллаж 23,6346.52,0
NST-001313,Кроссовки C-355,Одежда,АО 'Торговый дом',555,0.1,2029-05-28,Ряд 11-Стеллаж 40,30849.14,1
TGJ-001314,Картина A-660,Товары для дома,ООО 'ИмпортТрейд',150,0.1,NULL,Ряд 2-Стеллаж 27,48189.52,2
AOY-001315,Велосипед Lite-274,Спорттовары,ООО 'Поставщик+',75,0.5,2029-08-21,Ряд 2-Стеллаж 50,34787.82,7
SDX-001316,Моющее средство A-3,Бытовая химия,ЗАО 'СкладСервис',198,1.0,2028-01-10,Ряд 19-Стеллаж 45,48160.85,18
KLT-001317,Чай C-262,Продукты питания,ООО 'ИмпортТрейд',335,0.1,2027-01-27,Ряд 12-Стеллаж 1,3690.28,1
DKH-001318,Масло A-755,Автотовары,ООО 'ОптТорг',260,0.1,2029-01-01,Ряд 8-Стеллаж 15,15420.38,1
UOQ-001319,Молоток A-394,Инструменты,ЗАО 'СкладСервис',47,0.5,2030-06-26,Ряд 17-Стеллаж 17,12186.64,5
KFD-001320,Ноутбук Lite-755,Электроника,Компания 'Логистик',917,1.0,2030-09-10,Ряд 11-Стеллаж 37,43042.15,9
PLE-001321,Планшет Lite-192,Электроника,Группа 'Мегаполис',976,2.0,2029-03-02,Ряд 1-Стеллаж 45,7116.19,36
CMM-001322,Смартфон B-194,Электроника,Торговый дом 'Восточный',610,0.1,NULL,Ряд 12-Стеллаж 11,11321.21,2
LYC-001323,Подушка Max-375,Товары для дома,Торговый дом 'Восточный',676,0.1,2031-02-08,Ряд 4-Стеллаж 34,28663.89,2
OLU-001324,Велосипед B-721,Спорттовары,АО 'РегионСнаб',216,0.5,2028-08-15,Ряд 19-Стеллаж 21,28470.3,10
RJN-001325,Словарь A-561,Книги,ООО 'Поставщик+',768,10.0,2030-11-06,Ряд 18-Стеллаж 49,40424.38,260
ZPE-001326,Одеяло B-740,Товары для дома,ТД 'Универсал',920,0.1,NULL,Ряд 10-Стеллаж 4,32884.96,2
TEB-001327,Мяч C-91,Спорттовары,Группа 'Мегаполис',629,0.1,2027-01-23,Ряд 8-Стеллаж 9,33141.14,1
HMH-001328,Моющее средство Max-11,Бытовая химия,Торговый дом 'Восточный',134,5.0,2028-07-14,Ряд 14-Стеллаж 24,28884.85,145
RTT-001329,Чай Pro-368,Продукты питания,ООО 'Поставщик+',649,0.1,NULL,Ряд 5-Стеллаж 15,42626.15,1
WDW-001330,Шампунь C-406,Бытовая химия,ООО 'ИмпортТрейд',735,0.1,2026-11-21,Ряд 3-Стеллаж 27,16806.48,0
FRV-001331,Тетрадь B-787,Канцтовары,Торговый дом 'Восточный',812,1.0,2030-02-27,Ряд 13-Стеллаж 38,4842.89,24
BAE-001332,Подушка B-597,Товары для дома,АО 'Торговый дом',425,1.0,2028-07-30,Ряд 16-Стеллаж 20,18937.1,26
TND-001333,Ноутбук Lite-84,Электроника,Компания 'Логистик',253,2.0,2029-09-17,Ряд 3-Стеллаж 40,19385.61,24
UFD-001334,Аккумулятор B-718,Автотовары,ООО 'Поставщик+',513,0.1,2030-03-25,Ряд 14-Стеллаж 26,23052.2,0
KDO-001335,Пила Pro-202,Инструменты,ООО 'ИмпортТрейд',370,0.1,NULL,Ряд 9-Стеллаж 20,32818.55,2
RPE-001336,Моющее средство B-395,Бытовая химия,ИП Петрова,426,0.5,2028-12-23,Ряд 20-Стеллаж 25,8405.38,6
DWD-001337,Духи A-696,Косметика,ИП Иванов,261,0.1,2030-02-02,Ряд 18-Стеллаж 45,16062.04,2
NNX-001338,Планшет Max-87,Электроника,ООО 'ОптТорг',752,0.5,2028-09-17,Ряд 20-Стеллаж 27,7418.57,7
ROJ-001339,Мыло Max-59,Бытовая химия,Группа 'Мегаполис',573,0.5,2027-07-17,Ряд 10-Стеллаж 30,48706.71,6
JGG-001340,Стиральный порошок C-737,Бытовая химия,ООО 'Поставщик+',828,1.0,NULL,Ряд 12-Стеллаж 43,26473.65,19
GWU-001341,Дрель Max-791,Инструменты,Торговый дом 'Восточный',577,1.0,2030-09-15,Ряд 13-Стеллаж 38,35619.71,30
YXI-001342,Шампунь A-442,Бытовая химия,ООО 'ИмпортТрейд',990,0.1,2029-09-06,Ряд 13-Стеллаж 25,46563.11,2
FHC-001343,Тетрадь Pro-611,Канцтовары,Компания 'Логистик',378,0.1,2030-01-10,Ряд 20-Стеллаж 20,25426.88,1
DUJ-001344,Отвертка B-377,Инструменты,АО 'РегионСнаб',309,2.0,2026-05-05,Ряд 8-Стеллаж 1,22687.36,30
UPD-001345,Крупа B-964,Продукты питания,АО 'РегионСнаб',125,5.0,2027-04-24,Ряд 9-Стеллаж 42,27245.86,65
KDU-001346,Крем A-547,Косметика,Группа 'Мегаполис',735,2.0,2029-05-25,Ряд 15-Стеллаж 15,5257.28,56
QTM-001347,Коврик C-161,Спорттовары,ООО 'ИмпортТрейд',941,0.1,NULL,Ряд 18-Стеллаж 29,4664.29,2
FVR-001348,Детектив A-116,Книги,ИП Иванов,443,2.0,2029-08-14,Ряд 9-Стеллаж 44,32541.82,56
MQE-001349,Лоток Pro-410,Зоотовары,ЗАО 'СкладСервис',25,1.0,2028-12-28,Ряд 8-Стеллаж 29,23166.81,11
RKF-001350,Смартфон C-334,Электроника,АО 'Торговый дом',285,5.0,2030-03-02,Ряд 5-Стеллаж 29,46624.83,45
QRB-001351,Ноутбук A-436,Электроника,ИП Иванов,495,2.0,2026-05-13,Ряд 3-Стеллаж 20,9356.11,42
AHZ-001352,Роман B-388,Книги,АО 'Торговый дом',787,5.0,2028-08-25,Ряд 16-Стеллаж 11,45426.23,65
QJE-001353,Ключ C-848,Инструменты,ИП Иванов,928,1.0,2030-11-18,Ряд 8-Стеллаж 23,6434.63,18
XRF-001354,Моющее средство A-295,Бытовая химия,ИП Иванов,173,0.1,2030-08-24,Ряд 8-Стеллаж 45,30816.63,2
JMS-001355,Стиральный порошок Lite-471,Бытовая химия,ООО 'ИмпортТрейд',230,0.1,2031-01-03,Ряд 12-Стеллаж 3,23503.64,0
BEP-001356,Джинсы Pro-103,Одежда,ООО 'ОптТорг',826,0.1,2028-03-26,Ряд 2-Стеллаж 7,757.27,1
JVV-001357,Велосипед Max-781,Спорттовары,Группа 'Мегаполис',914,5.0,2029-03-10,Ряд 3-Стеллаж 32,33327.72,135
GWU-001358,Фильтр B-976,Автотовары,Группа 'Мегаполис',332,0.5,2027-07-14,Ряд 5-Стеллаж 14,48984.92,6
ESA-001359,Джинсы Max-836,Одежда,ИП Петрова,299,0.1,2026-09-02,Ряд 18-Стеллаж 43,42910.31,2
RRW-001360,Крупа Max-810,Продукты питания,Торговый дом 'Восточный',981,0.5,2030-01-21,Ряд 7-Стеллаж 24,32821.68,9
SWG-001361,Клетка Max-323,Зоотовары,АО 'Торговый дом',544,0.1,2030-12-03,Ряд 9-Стеллаж 7,41392.27,0
FOH-001362,Футболка Lite-804,Одежда,ЗАО 'СкладСервис',575,0.5,2028-07-25,Ряд 8-Стеллаж 50,19299.07,9
HKO-001363,Фантастика A-819,Книги,ТД 'Универсал',672,0.5,2029-09-18,Ряд 16-Стеллаж 3,18108.53,7
EQB-001364,Кроссовки Max-94,Одежда,АО 'РегионСнаб',1000,1.0,NULL,Ряд 11-Стеллаж 22,21441.85,7
OJZ-001365,Посуда B-446,Товары для дома,ООО 'ИмпортТрейд',461,0.5,2028-07-02,Ряд 16-Стеллаж 1,40569.61,3
ZRB-001366,Игрушка Max-441,Зоотовары,ТД 'Универсал',98,0.1,NULL,Ряд 10-Стеллаж 5,47043.0,2
XQM-001367,Свеча B-82,Товары для дома,ЗАО 'СкладСервис',464,0.5,2030-10-28,Ряд 7-Стеллаж 5,8290.44,11
UZE-001368,Дворники Pro-361,Автотовары,ЗАО 'СкладСервис',398,1.0,2030-01-24,Ряд 19-Стеллаж 34,26761.52,22
GQF-001369,Поводок C-193,Зоотовары,ЗАО 'СкладСервис',585,5.0,2029-04-20,Ряд 4-Стеллаж 39,4630.19,95
ANS-001370,Подушка C-498,Товары для дома,ЗАО 'СкладСервис',342,0.1,NULL,Ряд 6-Стеллаж 8,29325.37,1
UHH-001371,Клетка Pro-314,Зоотовары,ТД 'Универсал',818,5.0,NULL,Ряд 2-Стеллаж 1,7057.01,120
IRL-001372,Пила Max-35,Инструменты,Компания 'Логистик',586,0.5,2028-08-30,Ряд 14-Стеллаж 13,19313.56,9
GIA-001373,Шампунь Lite-191,Бытовая химия,ООО 'ИмпортТрейд',322,1.0,NULL,Ряд 19-Стеллаж 48,19336.74,15
ZLC-001374,Лоток Pro-737,Зоотовары,ИП Петрова,665,0.5,2029-05-31,Ряд 11-Стеллаж 14,2524.79,9
AJC-001375,Лыжи C-939,Спорттовары,ИП Иванов,473,0.5,2028-05-11,Ряд 10-Стеллаж 16,49373.03,8
NWV-001376,Бумага C-764,Канцтовары,ИП Петрова,402,0.5,2028-04-28,Ряд 14-Стеллаж 16,14961.93,8
FSU-001377,Духи Lite-903,Косметика,ИП Петрова,124,0.5,2029-07-10,Ряд 9-Стеллаж 18,28937.05,8
HKA-001378,Игрушка Lite-741,Зоотовары,ЗАО 'СкладСервис',716,1.0,2026-07-01,Ряд 2-Стеллаж 38,16442.99,20
MYZ-001379,Лоток Pro-133,Зоотовары,ООО 'ОптТорг',657,2.0,2029-09-04,Ряд 4-Стеллаж 16,7926.78,14
BEW-001380,Ноутбук B-39,Электроника,ТД 'Универсал',334,0.5,2029-10-09,Ряд 14-Стеллаж 24,16867.07,12
GBH-001381,Отвертка Max-896,Инструменты,Компания 'Логистик',390,5.0,2027-01-15,Ряд 8-Стеллаж 37,2777.65,35
JDC-001382,Детектив A-569,Книги,ТД 'Универсал',341,2.0,2030-05-12,Ряд 7-Стеллаж 22,29138.4,54
YZC-001383,Посуда Pro-398,Товары для дома,ИП Петрова,223,5.0,2029-02-21,Ряд 12-Стеллаж 36,14952.31,75
FBY-001384,Гантели A-879,Спорттовары,ООО 'ИмпортТрейд',49,2.0,2027-09-05,Ряд 7-Стеллаж 27,7920.69,56
GIH-001385,Помада Lite-852,Косметика,АО 'РегионСнаб',212,1.0,2030-09-10,Ряд 19-Стеллаж 27,25246.51,29
AOX-001386,Игрушка Max-92,Зоотовары,ООО 'ИмпортТрейд',727,1.0,2026-12-25,Ряд 9-Стеллаж 25,37675.5,8
QZL-001387,Крем B-166,Косметика,АО 'Торговый дом',476,0.1,2029-12-13,Ряд 2-Стеллаж 10,11457.63,1
VPH-001388,Ключ B-10,Инструменты,ООО 'ИмпортТрейд',185,0.5,2029-01-21,Ряд 7-Стеллаж 13,6717.15,5
DDK-001389,Платье A-752,Одежда,Группа 'Мегаполис',209,2.0,2027-03-24,Ряд 8-Стеллаж 13,12719.26,42
RRL-001390,Фильтр Max-59,Автотовары,ООО 'ИмпортТрейд',955,2.0,2028-12-16,Ряд 16-Стеллаж 40,30517.56,34
EQF-001391,Куртка Max-940,Одежда,ИП Иванов,932,0.1,2029-08-12,Ряд 16-Стеллаж 11,11787.64,1
YDD-001392,Духи C-54,Косметика,ТД 'Универсал',69,5.0,2028-04-03,Ряд 3-Стеллаж 30,35899.08,60
WBV-001393,Детектив C-845,Книги,АО 'РегионСнаб',938,2.0,2030-10-04,Ряд 4-Стеллаж 31,32127.55,58
GCU-001394,Свеча Max-152,Товары для дома,ИП Иванов,947,0.1,2029-06-09,Ряд 18-Стеллаж 29,7746.6,2
IWB-001395,Макароны Lite-743,Продукты питания,ООО 'ИмпортТрейд',613,0.1,2030-02-01,Ряд 13-Стеллаж 26,37924.56,1
TYM-001396,Корм Lite-469,Зоотовары,Группа 'Мегаполис',462,1.0,2028-09-21,Ряд 5-Стеллаж 6,4343.34,8
ZBS-001397,Энциклопедия Max-37,Книги,ООО 'ОптТорг',425,2.0,2028-07-30,Ряд 15-Стеллаж 4,43154.55,44
UYP-001398,Ручка Pro-105,Канцтовары,АО 'Торговый дом',601,5.0,NULL,Ряд 12-Стеллаж 12,29928.97,150
EDM-001399,Отвертка A-385,Инструменты,Торговый дом 'Восточный',260,0.1,2029-01-29,Ряд 1-Стеллаж 24,42864.89,1
ERR-001400,Духи C-302,Косметика,ИП Петрова,900,1.0,2027-09-17,Ряд 1-Стеллаж 45,27001.94,13
HWV-001401,Крем C-629,Косметика,ООО 'ОптТорг',860,0.5,2030-01-07,Ряд 1-Стеллаж 18,23258.02,6
RTR-001402,Джинсы Pro-438,Одежда,ИП Петрова,784,2.0,2029-01-28,Ряд 15-Стеллаж 32,12906.06,58
QFY-001403,Одеяло C-581,Товары для дома,Торговый дом 'Восточный',324,0.5,2027-09-07,Ряд 15-Стеллаж 32,23734.56,6
DKX-001404,Тетрадь Lite-293,Канцтовары,ООО 'ОптТорг',85,0.1,NULL,Ряд 12-Стеллаж 37,36270.13,1
DIW-001405,Отвертка Max-419,Инструменты,Группа 'Мегаполис',43,0.1,2030-06-02,Ряд 8-Стеллаж 28,12255.97,2
EQH-001406,Консервы B-210,Продукты питания,ООО 'Поставщик+',441,0.5,2031-01-18,Ряд 1-Стеллаж 42,33457.72,8
SFN-001407,Ноутбук B-97,Электроника,ООО 'Поставщик+',279,1.0,2029-02-20,Ряд 6-Стеллаж 5,40955.16,9
YEB-001408,Детектив C-916,Книги,Компания 'Логистик',523,1.0,2029-01-09,Ряд 14-Стеллаж 35,20886.96,22
ATC-001409,Тетрадь Lite-951,Канцтовары,Компания 'Логистик',569,0.5,2029-11-16,Ряд 5-Стеллаж 44,97.95,9
NYL-001410,Коврик Max-122,Спорттовары,ТД 'Универсал',250,2.0,2030-05-04,Ряд 13-Стеллаж 19,47289.29,38
PSF-001411,Поводок Max-66,Зоотовары,ИП Иванов,114,1.0,2028-12-22,Ряд 6-Стеллаж 5,9705.73,7
BEG-001412,Моющее средство Pro-603,Бытовая химия,АО 'Торговый дом',288,1.0,2028-10-16,Ряд 3-Стеллаж 31,43141.91,21
PZH-001413,Детектив Pro-22,Книги,ООО 'ОптТорг',98,1.0,2028-10-14,Ряд 18-Стеллаж 2,2897.8,20
TTS-001414,Смартфон A-330,Электроника,ООО 'Поставщик+',356,5.0,NULL,Ряд 11-Стеллаж 13,27221.39,65
QIE-001415,Моющее средство Max-798,Бытовая химия,ООО 'ОптТорг',920,0.1,NULL,Ряд 12-Стеллаж 36,34471.17,2
OPB-001416,Ключ Lite-915,Инструменты,ООО 'ОптТорг',714,0.5,2029-07-13,Ряд 8-Стеллаж 12,42199.63,6
KUY-001417,Моющее средство Pro-466,Бытовая химия,ТД 'Универсал',417,5.0,2028-10-20,Ряд 18-Стеллаж 49,41366.22,95
CLH-001418,Кроссовки B-102,Одежда,ООО 'Поставщик+',996,0.1,2027-02-11,Ряд 17-Стеллаж 11,10096.2,1
RWT-001419,Стиральный порошок Pro-976,Бытовая химия,ООО 'ИмпортТрейд',919,0.1,2028-07-08,Ряд 17-Стеллаж 31,16302.07,3
XMC-001420,Монитор A-877,Электроника,АО 'РегионСнаб',773,1.0,2029-02-06,Ряд 1-Стеллаж 41,44947.76,24
RGU-001421,Свеча Lite-874,Товары для дома,ИП Иванов,478,1.0,NULL,Ряд 17-Стеллаж 45,5577.92,25
NGS-001422,Папка Lite-394,Канцтовары,ЗАО 'СкладСервис',509,0.1,NULL,Ряд 5-Стеллаж 45,19569.92,1
TPJ-001423,Куртка C-229,Одежда,ИП Иванов,331,0.5,2028-11-22,Ряд 17-Стеллаж 38,28296.94,6
PRQ-001424,Наушники B-784,Электроника,ТД 'Универсал',755,0.1,2026-12-30,Ряд 20-Стеллаж 2,22280.34,2
QKZ-001425,Помада C-703,Косметика,АО 'Торговый дом',782,0.5,2028-04-14,Ряд 18-Стеллаж 1,27684.63,13
RGJ-001426,Свеча Pro-249,Товары для дома,ИП Петрова,291,0.5,2029-04-01,Ряд 20-Стеллаж 33,42356.65,5
HLY-001427,Ручка C-297,Канцтовары,Группа 'Мегаполис',408,1.0,2028-10-05,Ряд 13-Стеллаж 19,38831.47,24
IUE-001428,Клетка A-407,Зоотовары,ООО 'ОптТорг',825,0.5,2029-02-14,Ряд 4-Стеллаж 3,8243.12,5
KOX-001429,Монитор Lite-587,Электроника,ООО 'ОптТорг',183,0.1,2028-03-03,Ряд 17-Стеллаж 7,38520.11,0
OWU-001430,Бумага Pro-887,Канцтовары,ТД 'Универсал',312,1.0,2030-10-27,Ряд 9-Стеллаж 48,49742.43,24
GDY-001431,Бумага Max-209,Канцтовары,ООО 'Поставщик+',48,0.1,2030-05-09,Ряд 13-Стеллаж 7,29629.08,2
AZJ-001432,Помада Pro-584,Косметика,АО 'Торговый дом',571,0.1,NULL,Ряд 15-Стеллаж 35,33265.07,1
BTX-001433,Наушники C-910,Электроника,ЗАО 'СкладСервис',121,0.5,2026-10-07,Ряд 2-Стеллаж 2,5694.28,6
RBH-001434,Тушь Pro-573,Косметика,Компания 'Логистик',972,5.0,2027-01-10,Ряд 20-Стеллаж 3,19700.06,75
XKX-001435,Кофе Pro-894,Продукты питания,Компания 'Логистик',962,0.1,2026-05-12,Ряд 4-Стеллаж 21,45512.55,2
MIL-001436,Макароны Pro-813,Продукты питания,ИП Иванов,961,2.0,2030-01-09,Ряд 8-Стеллаж 14,46596.91,54
AMM-001437,Отвертка Lite-231,Инструменты,Компания 'Логистик',554,0.1,2029-05-31,Ряд 20-Стеллаж 28,16346.57,1
IMC-001438,Консервы A-759,Продукты питания,Компания 'Логистик',341,1.0,2027-06-14,Ряд 6-Стеллаж 45,41453.53,26
GDE-001439,Джинсы Pro-791,Одежда,АО 'Торговый дом',951,1.0,NULL,Ряд 5-Стеллаж 41,48497.03,22
HQT-001440,Одеяло Max-862,Товары для дома,ООО 'ИмпортТрейд',569,0.5,2029-12-26,Ряд 6-Стеллаж 12,29243.57,8
JSI-001441,Ключ Max-49,Инструменты,АО 'Торговый дом',1000,0.5,2028-08-20,Ряд 15-Стеллаж 5,2784.22,4
JPG-001442,Шина A-854,Автотовары,Компания 'Логистик',275,0.5,2030-03-01,Ряд 5-Стеллаж 20,21946.1,11
ULJ-001443,Духи Pro-523,Косметика,Торговый дом 'Восточный',825,5.0,NULL,Ряд 10-Стеллаж 39,10198.57,85
NFD-001444,Стиральный порошок Lite-486,Бытовая химия,АО 'РегионСнаб',85,2.0,2029-07-04,Ряд 17-Стеллаж 39,49021.13,40
NXV-001445,Гантели C-701,Спорттовары,АО 'Торговый дом',361,2.0,2029-04-07,Ряд 1-Стеллаж 19,41369.14,40
BEL-001446,Крем A-525,Косметика,АО 'РегионСнаб',334,2.0,2028-01-31,Ряд 8-Стеллаж 31,40617.78,46
OCL-001447,Дворники Pro-603,Автотовары,Группа 'Мегаполис',299,0.1,2030-11-07,Ряд 15-Стеллаж 48,18976.05,1
YZF-001448,Молоток Lite-602,Инструменты,ИП Иванов,601,1.0,2028-03-21,Ряд 14-Стеллаж 17,48584.86,17
OUR-001449,Куртка B-98,Одежда,ООО 'Поставщик+',545,1.0,2028-04-04,Ряд 18-Стеллаж 15,41641.38,28
SOK-001450,Коврик Lite-770,Спорттовары,Компания 'Логистик',926,0.1,NULL,Ряд 9-Стеллаж 48,46897.26,2
YVP-001451,Шина Lite-130,Автотовары,ИП Петрова,379,0.5,2030-03-30,Ряд 16-Стеллаж 22,31773.72,12
YTV-001452,Монитор Pro-921,Электроника,ИП Иванов,146,0.1,2028-07-30,Ряд 5-Стеллаж 20,26464.37,1
CAI-001453,Свеча Pro-779,Товары для дома,ООО 'ОптТорг',306,5.0,2028-02-01,Ряд 4-Стеллаж 18,39750.51,65
WNK-001454,Велосипед Lite-117,Спорттовары,АО 'Торговый дом',84,0.1,2028-12-14,Ряд 1-Стеллаж 14,26431.75,1
UPP-001455,Дворники Max-867,Автотовары,ООО 'ОптТорг',81,0.1,2028-04-16,Ряд 20-Стеллаж 43,45850.15,3
ECM-001456,Планшет Max-517,Электроника,ООО 'ИмпортТрейд',323,0.1,2029-04-30,Ряд 8-Стеллаж 24,4517.04,2
NAS-001457,Роман Lite-247,Книги,ООО 'Поставщик+',787,2.0,NULL,Ряд 13-Стеллаж 2,37319.13,20
UCG-001458,Мяч Lite-61,Спорттовары,ИП Иванов,873,1.0,2029-12-06,Ряд 12-Стеллаж 8,12205.3,20
RIN-001459,Платье B-411,Одежда,ООО 'ОптТорг',734,0.1,2028-01-31,Ряд 2-Стеллаж 9,15001.88,2
BIS-001460,Лыжи Max-614,Спорттовары,ТД 'Универсал',210,0.5,NULL,Ряд 15-Стеллаж 6,10890.8,9
KGJ-001461,Свеча Max-253,Товары для дома,ООО 'Поставщик+',721,0.1,2030-07-30,Ряд 3-Стеллаж 24,31661.81,1
CIK-001462,Отвертка Pro-980,Инструменты,Группа 'Мегаполис',598,0.5,2026-09-07,Ряд 12-Стеллаж 8,5108.04,8
RBD-001463,Велосипед Pro-5,Спорттовары,Группа 'Мегаполис',482,0.5,NULL,Ряд 6-Стеллаж 35,29745.34,13
IGE-001464,Платье C-650,Одежда,АО 'РегионСнаб',826,0.1,2030-06-23,Ряд 3-Стеллаж 3,44670.4,2
XIW-001465,Корм B-503,Зоотовары,Компания 'Логистик',419,2.0,2028-11-10,Ряд 2-Стеллаж 13,33480.48,48
ZAD-001466,Ключ Lite-236,Инструменты,Группа 'Мегаполис',432,0.1,2029-08-22,Ряд 9-Стеллаж 44,13565.88,1
PUY-001467,Картина B-178,Товары для дома,АО 'РегионСнаб',588,2.0,2029-08-15,Ряд 20-Стеллаж 41,48261.24,14
NTH-001468,Картина Max-915,Товары для дома,ООО 'ОптТорг',465,2.0,2030-02-17,Ряд 4-Стеллаж 46,11894.62,34
LVD-001469,Крем B-313,Косметика,Группа 'Мегаполис',21,1.0,2028-11-01,Ряд 4-Стеллаж 49,19218.19,15
YPT-001470,Платье C-780,Одежда,ООО 'ОптТорг',505,0.1,2030-03-06,Ряд 17-Стеллаж 15,36628.29,1
MAG-001471,Стиральный порошок B-559,Бытовая химия,Торговый дом 'Восточный',8,1.0,2030-02-13,Ряд 7-Стеллаж 33,41303.94,20
DDG-001472,Макароны Pro-473,Продукты питания,ООО 'Поставщик+',946,0.1,2029-06-20,Ряд 3-Стеллаж 40,1790.77,2
DGH-001473,Планшет B-861,Электроника,ООО 'Поставщик+',724,1.0,2029-09-09,Ряд 4-Стеллаж 37,10793.82,15
OBQ-001474,Фантастика Max-754,Книги,ИП Петрова,316,0.1,2028-12-21,Ряд 9-Стеллаж 35,47608.29,0
ODK-001475,Духи C-15,Косметика,ИП Петрова,416,0.1,2026-09-16,Ряд 3-Стеллаж 32,42107.0,1
GXQ-001476,Шампунь A-705,Бытовая химия,ИП Иванов,429,0.1,2028-06-14,Ряд 2-Стеллаж 13,15308.66,2
JBA-001477,Коврик B-401,Спорттовары,АО 'РегионСнаб',459,1.0,2026-04-06,Ряд 5-Стеллаж 50,1805.64,26
XKD-001478,Подушка A-99,Товары для дома,ООО 'ИмпортТрейд',201,0.5,2028-03-21,Ряд 11-Стеллаж 30,23816.01,8
MDY-001479,Свеча B-165,Товары для дома,ООО 'Поставщик+',26,2.0,2028-11-21,Ряд 15-Стеллаж 6,9515.85,16
CFV-001480,Посуда Max-793,Товары для дома,ООО 'Поставщик+',761,0.5,2030-12-11,Ряд 5-Стеллаж 12,6041.52,7
HKC-001481,Масло B-845,Автотовары,АО 'Торговый дом',583,0.1,2028-03-13,Ряд 15-Стеллаж 17,15354.34,2
FHW-001482,Макароны A-146,Продукты питания,ИП Иванов,369,0.1,2028-12-21,Ряд 11-Стеллаж 12,10772.96,2
YXR-001483,Ноутбук Pro-657,Электроника,ИП Петрова,278,0.5,2030-10-28,Ряд 6-Стеллаж 25,30870.35,6
QIF-001484,Крупа C-971,Продукты питания,ТД 'Универсал',418,0.1,2029-11-05,Ряд 18-Стеллаж 2,48527.04,2
IRP-001485,Степлер A-175,Канцтовары,АО 'Торговый дом',391,0.1,NULL,Ряд 4-Стеллаж 21,47756.38,2
UOK-001486,Детектив B-220,Книги,Компания 'Логистик',750,1.0,2029-08-05,Ряд 16-Стеллаж 36,21426.6,23
MZX-001487,Лыжи A-579,Спорттовары,ООО 'ОптТорг',275,0.5,2027-03-26,Ряд 17-Стеллаж 48,11574.53,14
CAH-001488,Одеяло Pro-623,Товары для дома,ИП Иванов,87,0.5,NULL,Ряд 19-Стеллаж 48,36318.68,11
ZQV-001489,Степлер Lite-421,Канцтовары,Группа 'Мегаполис',285,0.5,2030-09-06,Ряд 2-Стеллаж 33,7928.13,7
ILD-001490,Смартфон B-780,Электроника,ИП Иванов,67,10.0,2028-07-17,Ряд 5-Стеллаж 1,17996.02,170
FBA-001491,Мяч A-529,Спорттовары,АО 'РегионСнаб',254,2.0,2030-06-04,Ряд 15-Стеллаж 16,29707.5,52
NTO-001492,Джинсы B-143,Одежда,АО 'Торговый дом',258,0.1,NULL,Ряд 3-Стеллаж 25,28407.48,3
RFL-001493,Посуда C-557,Товары для дома,ЗАО 'СкладСервис',544,5.0,2028-05-31,Ряд 13-Стеллаж 1,27111.76,150
ZYY-001494,Лыжи C-701,Спорттовары,АО 'РегионСнаб',491,10.0,NULL,Ряд 2-Стеллаж 2,46071.9,250
FLX-001495,Энциклопедия Max-266,Книги,Группа 'Мегаполис',975,0.5,2028-08-22,Ряд 11-Стеллаж 6,33124.53,12
IDO-001496,Духи C-423,Косметика,ИП Иванов,996,0.1,NULL,Ряд 1-Стеллаж 5,18182.79,1
KLJ-001497,Подушка A-60,Товары для дома,ИП Петрова,611,0.1,2029-09-11,Ряд 13-Стеллаж 28,22108.76,2
OGQ-001498,Монитор C-992,Электроника,ИП Иванов,723,2.0,2029-01-06,Ряд 5-Стеллаж 42,11163.49,42
AYK-001499,Ноутбук Pro-320,Электроника,ООО 'ОптТорг',354,0.5,2029-12-26,Ряд 5-Стеллаж 30,11408.71,9
EYI-001500,Дворники Max-340,Автотовары,ООО 'Поставщик+',8,0.1,2027-01-20,Ряд 4-Стеллаж 50,28022.68,1
CDK-001501,Футболка A-63,Одежда,ЗАО 'СкладСервис',180,2.0,2028-04-06,Ряд 10-Стеллаж 43,43320.56,38
MEB-001502,Молоток A-741,Инструменты,АО 'РегионСнаб',24,0.1,2026-12-21,Ряд 8-Стеллаж 34,7209.05,0
WXF-001503,Кофе Max-384,Продукты питания,ИП Петрова,752,10.0,2030-02-17,Ряд 3-Стеллаж 9,1516.79,150
ATL-001504,Тетрадь B-451,Канцтовары,Группа 'Мегаполис',978,2.0,2029-08-12,Ряд 10-Стеллаж 25,36284.03,32
KFQ-001505,Отвертка Max-317,Инструменты,ООО 'Поставщик+',109,1.0,NULL,Ряд 12-Стеллаж 32,35972.97,27
MDG-001506,Гантели Pro-685,Спорттовары,АО 'РегионСнаб',85,0.5,2029-01-29,Ряд 11-Стеллаж 49,5122.76,14
YKZ-001507,Лыжи Pro-906,Спорттовары,АО 'РегионСнаб',867,0.5,2030-05-29,Ряд 5-Стеллаж 9,13839.29,4
ZWL-001508,Крем Lite-311,Косметика,ИП Петрова,300,0.5,2028-07-02,Ряд 7-Стеллаж 24,801.48,10
NMH-001509,Чай Lite-157,Продукты питания,ИП Иванов,240,0.5,2027-10-02,Ряд 10-Стеллаж 4,15396.57,10
YDI-001510,Корм Pro-676,Зоотовары,АО 'РегионСнаб',863,0.1,2029-01-30,Ряд 12-Стеллаж 17,28762.86,1
RUQ-001511,Платье B-3,Одежда,АО 'Торговый дом',103,1.0,2029-04-05,Ряд 18-Стеллаж 36,4061.38,11
WLH-001512,Бумага Lite-821,Канцтовары,ЗАО 'СкладСервис',600,2.0,2030-12-25,Ряд 6-Стеллаж 47,3285.41,46
KAK-001513,Тушь B-673,Косметика,ООО 'Поставщик+',355,2.0,2029-03-08,Ряд 3-Стеллаж 11,40768.12,36
TCS-001514,Шампунь B-103,Бытовая химия,ООО 'Поставщик+',121,1.0,2031-02-15,Ряд 14-Стеллаж 1,41198.59,14
SQN-001515,Монитор Lite-935,Электроника,ООО 'Поставщик+',207,0.1,NULL,Ряд 20-Стеллаж 29,27560.4,2
YCU-001516,Смартфон Lite-843,Электроника,ООО 'Поставщик+',214,0.1,2029-07-06,Ряд 4-Стеллаж 49,34508.45,3
MQK-001517,Фантастика C-101,Книги,АО 'Торговый дом',905,1.0,2029-01-13,Ряд 12-Стеллаж 44,35778.69,8
PHZ-001518,Дворники B-724,Автотовары,ООО 'ОптТорг',336,2.0,2028-08-05,Ряд 7-Стеллаж 29,17069.27,34
DME-001519,Гантели Pro-115,Спорттовары,ЗАО 'СкладСервис',888,2.0,2030-10-22,Ряд 5-Стеллаж 50,23425.7,16
YCA-001520,Детектив C-493,Книги,ООО 'ОптТорг',113,2.0,2029-01-11,Ряд 5-Стеллаж 13,33858.46,50
MDF-001521,Ручка Max-741,Канцтовары,Группа 'Мегаполис',41,0.5,2028-10-04,Ряд 1-Стеллаж 12,39923.53,12
SJJ-001522,Гантели Pro-988,Спорттовары,ООО 'Поставщик+',15,0.1,2029-01-15,Ряд 10-Стеллаж 13,39930.21,1
EZD-001523,Свеча Max-484,Товары для дома,ООО 'Поставщик+',808,10.0,2030-04-23,Ряд 18-Стеллаж 23,42353.45,150
AUR-001524,Ручка C-57,Канцтовары,АО 'Торговый дом',447,1.0,NULL,Ряд 12-Стеллаж 45,37440.96,11
TVX-001525,Кофе C-915,Продукты питания,АО 'РегионСнаб',74,0.1,NULL,Ряд 12-Стеллаж 3,48962.3,2
UHF-001526,Фантастика A-226,Книги,Торговый дом 'Восточный',115,1.0,2028-10-13,Ряд 5-Стеллаж 19,27114.37,16
AHC-001527,Пила Pro-737,Инструменты,ИП Петрова,828,2.0,2029-06-12,Ряд 2-Стеллаж 10,5091.65,18
JUO-001528,Молоток A-4,Инструменты,Торговый дом 'Восточный',297,0.5,2027-10-24,Ряд 20-Стеллаж 22,11671.99,12
IVW-001529,Тушь Pro-253,Косметика,ТД 'Универсал',430,0.1,2026-11-15,Ряд 17-Стеллаж 38,39372.54,1
OIT-001530,Кроссовки Pro-519,Одежда,ИП Иванов,559,2.0,2030-01-04,Ряд 4-Стеллаж 9,11748.8,36
CJE-001531,Клетка Max-863,Зоотовары,ООО 'Поставщик+',780,1.0,2029-06-09,Ряд 13-Стеллаж 2,7717.74,16
ZUK-001532,Аккумулятор A-371,Автотовары,ТД 'Универсал',144,0.1,2028-04-25,Ряд 15-Стеллаж 14,3104.25,2
JGQ-001533,Лыжи A-795,Спорттовары,ЗАО 'СкладСервис',770,0.1,2029-05-18,Ряд 4-Стеллаж 32,15936.61,1
ELV-001534,Тушь Pro-702,Косметика,ООО 'ОптТорг',866,0.5,2030-04-25,Ряд 2-Стеллаж 11,28152.99,8
NZX-001535,Чай Max-212,Продукты питания,ООО 'ОптТорг',528,2.0,2030-07-26,Ряд 9-Стеллаж 9,563.77,54
DYW-001536,Фантастика B-224,Книги,Группа 'Мегаполис',965,0.5,2030-05-31,Ряд 16-Стеллаж 27,34596.85,9
XLN-001537,Фильтр B-59,Автотовары,ИП Петрова,53,0.5,2029-08-22,Ряд 17-Стеллаж 34,49682.73,12
SUU-001538,Крем C-611,Косметика,ООО 'Поставщик+',355,2.0,2028-12-22,Ряд 16-Стеллаж 13,28906.64,60
WLG-001539,Наушники Pro-728,Электроника,ООО 'ИмпортТрейд',196,1.0,2030-09-09,Ряд 2-Стеллаж 48,23710.81,26
IGL-001540,Джинсы Pro-768,Одежда,ИП Петрова,721,2.0,2028-08-22,Ряд 9-Стеллаж 10,42261.66,44
VLF-001541,Планшет Max-909,Электроника,Торговый дом 'Восточный',180,0.1,NULL,Ряд 4-Стеллаж 7,38090.76,2
MPZ-001542,Куртка Lite-414,Одежда,АО 'РегионСнаб',168,0.1,2027-08-10,Ряд 20-Стеллаж 35,18628.85,1
PGJ-001543,Платье Lite-814,Одежда,АО 'РегионСнаб',978,1.0,2028-10-20,Ряд 6-Стеллаж 12,1527.92,12
OCZ-001544,Помада Pro-905,Косметика,ИП Иванов,694,0.5,2028-07-03,Ряд 14-Стеллаж 35,1312.4,4
XAF-001545,Джинсы Pro-856,Одежда,АО 'РегионСнаб',946,0.1,2028-03-23,Ряд 2-Стеллаж 19,29185.96,1
LGH-001546,Картина A-553,Товары для дома,Группа 'Мегаполис',873,0.1,NULL,Ряд 9-Стеллаж 29,21689.9,1
FOT-001547,Степлер B-131,Канцтовары,Компания 'Логистик',62,0.1,2029-12-26,Ряд 4-Стеллаж 45,30200.98,3
MET-001548,Макароны Lite-837,Продукты питания,ООО 'ОптТорг',881,0.1,NULL,Ряд 13-Стеллаж 15,17435.68,0
LDL-001549,Отвертка Lite-501,Инструменты,ТД 'Универсал',404,1.0,2026-10-27,Ряд 6-Стеллаж 36,32243.84,18
GTP-001550,Наушники A-174,Электроника,ТД 'Универсал',740,0.1,2028-03-06,Ряд 14-Стеллаж 48,24783.33,1
BAS-001551,Куртка C-904,Одежда,ИП Петрова,982,2.0,2027-01-07,Ряд 2-Стеллаж 11,9349.23,18
VQH-001552,Гантели B-7,Спорттовары,ИП Петрова,935,0.1,2027-08-26,Ряд 6-Стеллаж 23,47858.06,1
YGB-001553,Макароны C-337,Продукты питания,ООО 'ИмпортТрейд',927,1.0,2028-06-30,Ряд 4-Стеллаж 40,44242.58,14
URA-001554,Отвертка B-302,Инструменты,ИП Петрова,516,2.0,NULL,Ряд 7-Стеллаж 40,9722.37,28
WKE-001555,Дрель A-166,Инструменты,ИП Иванов,7,2.0,2029-06-16,Ряд 4-Стеллаж 9,41591.08,30
WBU-001556,Свеча B-78,Товары для дома,АО 'РегионСнаб',320,5.0,2028-11-30,Ряд 2-Стеллаж 8,7175.01,110
MIJ-001557,Чай C-638,Продукты питания,АО 'Торговый дом',928,0.1,2027-01-07,Ряд 9-Стеллаж 42,4690.69,1
ZCD-001558,Пила C-155,Инструменты,ТД 'Универсал',77,1.0,2029-06-19,Ряд 13-Стеллаж 9,47210.5,15
RNX-001559,Крем A-585,Косметика,АО 'РегионСнаб',105,2.0,2026-03-22,Ряд 20-Стеллаж 28,6067.25,28
PRW-001560,Тушь C-11,Косметика,ООО 'ИмпортТрейд',895,0.1,NULL,Ряд 4-Стеллаж 5,17723.95,1
IHS-001561,Кофе Pro-654,Продукты питания,АО 'Торговый дом',595,1.0,2027-10-31,Ряд 2-Стеллаж 34,42575.05,22
DMZ-001562,Бумага Max-818,Канцтовары,Торговый дом 'Восточный',759,0.1,2026-05-26,Ряд 3-Стеллаж 33,27285.55,2
RSO-001563,Платье Lite-204,Одежда,ИП Петрова,184,1.0,2030-11-15,Ряд 16-Стеллаж 3,21599.53,27
ZWT-001564,Посуда Pro-282,Товары для дома,ИП Петрова,571,0.5,2028-06-26,Ряд 6-Стеллаж 22,23390.13,12
BNQ-001565,Папка B-19,Канцтовары,Торговый дом 'Восточный',539,0.5,2029-12-17,Ряд 14-Стеллаж 46,39697.05,5
TGM-001566,Клетка B-569,Зоотовары,ИП Петрова,797,0.1,2027-10-09,Ряд 11-Стеллаж 48,18692.95,2
EEJ-001567,Платье B-566,Одежда,ООО 'ОптТорг',187,0.5,2030-06-09,Ряд 6-Стеллаж 49,44152.0,8
KPG-001568,Кофе B-609,Продукты питания,ЗАО 'СкладСервис',13,0.1,2026-05-31,Ряд 8-Стеллаж 18,4405.12,2
AAS-001569,Молоток Lite-370,Инструменты,АО 'РегионСнаб',174,2.0,NULL,Ряд 14-Стеллаж 26,62.32,34
LEM-001570,Тональный крем B-252,Косметика,ЗАО 'СкладСервис',40,0.1,2028-11-20,Ряд 3-Стеллаж 4,36879.33,0
JFQ-001571,Консервы Pro-989,Продукты питания,ИП Иванов,305,2.0,NULL,Ряд 19-Стеллаж 15,19146.96,14
ANL-001572,Игрушка Pro-289,Зоотовары,ООО 'Поставщик+',328,0.5,NULL,Ряд 14-Стеллаж 4,23726.38,10
FNY-001573,Ноутбук B-690,Электроника,ООО 'Поставщик+',586,0.5,NULL,Ряд 9-Стеллаж 28,4552.08,10
CZX-001574,Молоток Pro-358,Инструменты,АО 'Торговый дом',12,1.0,NULL,Ряд 3-Стеллаж 28,15018.53,13
HVD-001575,Роман Pro-880,Книги,Группа 'Мегаполис',470,0.1,2030-05-05,Ряд 17-Стеллаж 24,23856.61,2
SUP-001576,Консервы Lite-564,Продукты питания,ИП Петрова,998,0.1,2028-05-13,Ряд 3-Стеллаж 31,16423.3,1
LZV-001577,Дворники B-456,Автотовары,ИП Петрова,630,1.0,2026-08-09,Ряд 6-Стеллаж 3,44116.13,16
HUC-001578,Дворники A-170,Автотовары,ИП Иванов,224,0.1,2029-04-07,Ряд 17-Стеллаж 25,28651.34,2
JHN-001579,Детектив B-203,Книги,Группа 'Мегаполис',387,2.0,2026-10-09,Ряд 18-Стеллаж 37,2121.05,58
NTG-001580,Поводок B-94,Зоотовары,ООО 'Поставщик+',980,0.1,NULL,Ряд 11-Стеллаж 41,44287.54,2
KHI-001581,Свеча A-313,Товары для дома,ИП Петрова,16,2.0,2029-05-26,Ряд 16-Стеллаж 35,3928.75,56
MQK-001582,Платье A-556,Одежда,Компания 'Логистик',227,0.5,NULL,Ряд 7-Стеллаж 30,2608.91,15
TVZ-001583,Ручка C-675,Канцтовары,АО 'РегионСнаб',262,2.0,NULL,Ряд 13-Стеллаж 49,11730.31,48
HSN-001584,Мяч Lite-316,Спорттовары,Торговый дом 'Восточный',623,1.0,NULL,Ряд 16-Стеллаж 45,8388.51,10
ISQ-001585,Коврик A-234,Спорттовары,АО 'РегионСнаб',20,0.1,2028-03-08,Ряд 14-Стеллаж 49,44121.01,0
SLX-001586,Подушка Lite-956,Товары для дома,ООО 'ОптТорг',251,0.1,2030-08-19,Ряд 7-Стеллаж 2,40880.3,2
DTK-001587,Шина B-515,Автотовары,ИП Петрова,657,0.1,2031-01-13,Ряд 15-Стеллаж 33,32369.78,2
TRV-001588,Монитор Pro-410,Электроника,АО 'РегионСнаб',482,2.0,2029-11-14,Ряд 6-Стеллаж 45,25776.11,52
AVU-001589,Поводок Max-878,Зоотовары,ООО 'ИмпортТрейд',868,0.1,2028-12-08,Ряд 5-Стеллаж 8,34738.74,0
OTT-001590,Гантели Lite-954,Спорттовары,АО 'РегионСнаб',699,1.0,2029-04-26,Ряд 6-Стеллаж 4,38138.7,19
ZXA-001591,Стиральный порошок Lite-158,Бытовая химия,ИП Петрова,595,0.1,2028-08-12,Ряд 19-Стеллаж 35,46527.91,2
KIW-001592,Мыло B-415,Бытовая химия,Группа 'Мегаполис',474,0.1,2028-03-13,Ряд 18-Стеллаж 28,41126.81,1
PEF-001593,Энциклопедия Max-656,Книги,ИП Петрова,548,1.0,NULL,Ряд 3-Стеллаж 44,38565.58,17
PAH-001594,Одеяло A-377,Товары для дома,ИП Петрова,428,0.5,2028-07-09,Ряд 20-Стеллаж 22,40985.33,10
GPE-001595,Крем Pro-743,Косметика,Группа 'Мегаполис',574,5.0,2029-07-16,Ряд 2-Стеллаж 45,7377.57,145
OKN-001596,Монитор Lite-885,Электроника,АО 'РегионСнаб',649,0.5,NULL,Ряд 8-Стеллаж 44,5739.19,13
TXB-001597,Пила A-118,Инструменты,ЗАО 'СкладСервис',871,0.1,2028-12-16,Ряд 17-Стеллаж 6,16461.95,1
MYZ-001598,Молоток Pro-164,Инструменты,ЗАО 'СкладСервис',305,0.1,NULL,Ряд 17-Стеллаж 41,26994.09,2
KNP-001599,Молоток Pro-151,Инструменты,ООО 'ОптТорг',178,1.0,2028-01-02,Ряд 17-Стеллаж 21,37625.68,7
NRZ-001600,Картина Max-116,Товары для дома,ИП Иванов,656,1.0,NULL,Ряд 3-Стеллаж 27,27014.85,20
SWK-001601,Джинсы Lite-123,Одежда,ИП Иванов,819,0.5,NULL,Ряд 18-Стеллаж 3,26542.67,3
LQU-001602,Пила Max-667,Инструменты,Группа 'Мегаполис',688,5.0,2027-12-14,Ряд 9-Стеллаж 14,16336.88,130
EGZ-001603,Поводок B-674,Зоотовары,ТД 'Универсал',921,0.1,2026-03-14,Ряд 10-Стеллаж 43,46525.8,1
WFP-001604,Посуда Lite-463,Товары для дома,АО 'Торговый дом',961,5.0,2028-06-13,Ряд 12-Стеллаж 16,497.3,120
KVS-001605,Мыло A-361,Бытовая химия,ИП Петрова,385,1.0,NULL,Ряд 10-Стеллаж 16,18802.86,11
JSL-001606,Коврик Lite-560,Спорттовары,АО 'Торговый дом',716,0.5,2029-09-22,Ряд 1-Стеллаж 16,43691.51,14
DJS-001607,Фильтр B-439,Автотовары,ТД 'Универсал',254,0.5,2029-02-28,Ряд 13-Стеллаж 27,7655.89,6
AKM-001608,Одеяло B-767,Товары для дома,ООО 'ОптТорг',417,0.1,NULL,Ряд 19-Стеллаж 20,28369.03,2
BGP-001609,Ключ Lite-418,Инструменты,ИП Иванов,169,5.0,2028-03-23,Ряд 13-Стеллаж 27,19937.85,105
EXJ-001610,Свеча Pro-570,Товары для дома,ИП Петрова,673,2.0,2029-07-21,Ряд 7-Стеллаж 21,37587.21,60
NSL-001611,Макароны Lite-833,Продукты питания,ООО 'ИмпортТрейд',938,2.0,2029-07-19,Ряд 9-Стеллаж 34,8674.7,46
GIP-001612,Роман C-305,Книги,Группа 'Мегаполис',999,2.0,NULL,Ряд 5-Стеллаж 26,541.68,14
BZS-001613,Ключ A-223,Инструменты,ИП Иванов,860,1.0,2029-11-15,Ряд 8-Стеллаж 3,43542.22,30
HAN-001614,Свеча Max-336,Товары для дома,ТД 'Универсал',329,0.1,2030-10-19,Ряд 5-Стеллаж 3,29592.26,2
VJE-001615,Игрушка A-584,Зоотовары,Торговый дом 'Восточный',138,0.1,2029-01-04,Ряд 2-Стеллаж 34,9173.44,1
YZL-001616,Футболка Pro-675,Одежда,ИП Петрова,965,0.1,2028-05-09,Ряд 12-Стеллаж 26,26720.71,0
JQA-001617,Посуда A-318,Товары для дома,АО 'РегионСнаб',418,0.1,2030-01-12,Ряд 16-Стеллаж 10,37896.9,2
GYM-001618,Футболка A-509,Одежда,Торговый дом 'Восточный',167,0.5,2030-11-13,Ряд 20-Стеллаж 21,42528.49,5
MFE-001619,Дворники Lite-740,Автотовары,ООО 'ИмпортТрейд',63,0.1,2029-03-03,Ряд 2-Стеллаж 10,34765.74,2
BFM-001620,Мыло Lite-624,Бытовая химия,ТД 'Универсал',41,0.1,NULL,Ряд 10-Стеллаж 20,13789.33,2
AHL-001621,Аккумулятор Pro-330,Автотовары,Торговый дом 'Восточный',981,0.5,2026-07-02,Ряд 11-Стеллаж 5,46154.1,3
BTB-001622,Фильтр Lite-608,Автотовары,ЗАО 'СкладСервис',34,5.0,2030-03-02,Ряд 3-Стеллаж 31,34769.07,140
JGJ-001623,Крем Max-755,Косметика,ООО 'Поставщик+',619,2.0,2031-01-07,Ряд 1-Стеллаж 23,17348.52,60
VIV-001624,Крем Max-504,Косметика,Компания 'Логистик',735,2.0,2029-07-23,Ряд 20-Стеллаж 43,5892.81,38
VAH-001625,Одеяло Lite-946,Товары для дома,Группа 'Мегаполис',913,2.0,2029-12-14,Ряд 10-Стеллаж 8,27001.83,14
UOE-001626,Лыжи Pro-701,Спорттовары,ООО 'Поставщик+',697,0.1,2029-01-23,Ряд 2-Стеллаж 16,25711.39,2
YQS-001627,Смартфон Pro-290,Электроника,ЗАО 'СкладСервис',455,0.5,NULL,Ряд 11-Стеллаж 11,30423.62,8
RSF-001628,Мыло C-871,Бытовая химия,Торговый дом 'Восточный',242,0.5,NULL,Ряд 2-Стеллаж 13,30264.83,10
AXX-001629,Молоток Lite-717,Инструменты,ТД 'Универсал',43,0.5,2028-05-27,Ряд 20-Стеллаж 11,2099.26,14
POS-001630,Детектив Pro-103,Книги,ЗАО 'СкладСервис',906,5.0,2027-05-21,Ряд 3-Стеллаж 13,34053.44,55
CNO-001631,Мяч C-466,Спорттовары,ООО 'Поставщик+',351,0.1,NULL,Ряд 4-Стеллаж 8,29720.28,1
URE-001632,Планшет Pro-744,Электроника,ООО 'ИмпортТрейд',231,1.0,2030-10-31,Ряд 16-Стеллаж 18,18199.76,15
SUW-001633,Корм Lite-587,Зоотовары,ЗАО 'СкладСервис',791,0.1,2028-08-11,Ряд 15-Стеллаж 49,3223.0,1
IGH-001634,Масло C-238,Автотовары,АО 'РегионСнаб',417,0.1,NULL,Ряд 11-Стеллаж 45,37959.26,1
ZDJ-001635,Детектив A-339,Книги,ООО 'ОптТорг',308,0.1,2030-09-05,Ряд 1-Стеллаж 14,45347.13,2
YBG-001636,Пила C-858,Инструменты,АО 'РегионСнаб',244,0.5,2028-11-20,Ряд 17-Стеллаж 42,4432.11,13
AOD-001637,Моющее средство A-623,Бытовая химия,ИП Петрова,44,1.0,2026-04-08,Ряд 8-Стеллаж 41,1489.18,18
GEF-001638,Масло A-639,Автотовары,ООО 'ИмпортТрейд',582,0.5,2028-10-16,Ряд 19-Стеллаж 42,41227.77,9
SLD-001639,Фильтр A-327,Автотовары,ООО 'ИмпортТрейд',939,2.0,2029-12-19,Ряд 9-Стеллаж 18,49075.05,50
HOP-001640,Фантастика Lite-399,Книги,Компания 'Логистик',947,0.5,NULL,Ряд 18-Стеллаж 2,31549.55,5
JJF-001641,Помада Lite-507,Косметика,ООО 'ИмпортТрейд',407,10.0,2026-06-02,Ряд 20-Стеллаж 44,18581.18,100
BSJ-001642,Мыло Pro-885,Бытовая химия,АО 'РегионСнаб',105,2.0,2026-08-14,Ряд 18-Стеллаж 28,1572.64,14
QTX-001643,Молоток A-452,Инструменты,ООО 'Поставщик+',134,0.1,2030-03-18,Ряд 1-Стеллаж 5,18754.22,1
FSY-001644,Отвертка B-262,Инструменты,ТД 'Универсал',828,0.1,NULL,Ряд 17-Стеллаж 29,28625.48,1
HFP-001645,Помада Lite-56,Косметика,ТД 'Универсал',580,0.1,2029-08-24,Ряд 12-Стеллаж 14,4898.84,1
ILO-001646,Детектив Lite-220,Книги,АО 'Торговый дом',776,1.0,2031-02-22,Ряд 13-Стеллаж 28,48222.97,16
LKD-001647,Шампунь A-791,Бытовая химия,Группа 'Мегаполис',902,0.5,2030-09-29,Ряд 13-Стеллаж 36,47744.54,9
EGT-001648,Фильтр A-618,Автотовары,ТД 'Универсал',820,1.0,NULL,Ряд 1-Стеллаж 42,5058.07,12
JMF-001649,Макароны C-41,Продукты питания,Торговый дом 'Восточный',723,1.0,NULL,Ряд 5-Стеллаж 14,28297.84,19
EOD-001650,Моющее средство B-739,Бытовая химия,ИП Иванов,835,0.5,2029-03-18,Ряд 9-Стеллаж 11,21992.84,7
NID-001651,Крупа B-529,Продукты питания,Группа 'Мегаполис',702,0.1,NULL,Ряд 1-Стеллаж 5,21192.83,1
HDY-001652,Шина C-883,Автотовары,ЗАО 'СкладСервис',72,1.0,NULL,Ряд 20-Стеллаж 1,39994.79,22
CVR-001653,Консервы A-734,Продукты питания,АО 'РегионСнаб',58,5.0,2028-07-21,Ряд 7-Стеллаж 36,47971.95,50
VUZ-001654,Моющее средство B-962,Бытовая химия,ЗАО 'СкладСервис',158,0.1,2029-01-03,Ряд 5-Стеллаж 32,22497.55,2
BXN-001655,Ноутбук Pro-817,Электроника,АО 'РегионСнаб',411,5.0,2030-08-25,Ряд 1-Стеллаж 14,27947.66,40
APE-001656,Гантели Pro-277,Спорттовары,Компания 'Логистик',138,1.0,2028-05-16,Ряд 16-Стеллаж 46,14910.68,8
AQL-001657,Тетрадь A-863,Канцтовары,ООО 'ОптТорг',171,0.5,NULL,Ряд 19-Стеллаж 1,42100.78,10
BSE-001658,Велосипед C-323,Спорттовары,ЗАО 'СкладСервис',365,1.0,2029-08-20,Ряд 14-Стеллаж 47,3595.14,25
PQF-001659,Лыжи Pro-36,Спорттовары,Группа 'Мегаполис',601,1.0,2029-09-20,Ряд 20-Стеллаж 5,12921.49,29
PQI-001660,Бумага B-131,Канцтовары,ООО 'Поставщик+',887,0.1,2029-04-30,Ряд 5-Стеллаж 27,38765.12,2
DFP-001661,Дрель Lite-296,Инструменты,АО 'Торговый дом',133,0.1,2031-02-26,Ряд 3-Стеллаж 43,43357.85,1
OIG-001662,Планшет Pro-308,Электроника,Торговый дом 'Восточный',74,0.1,2029-01-29,Ряд 5-Стеллаж 13,40840.19,2
EXQ-001663,Тетрадь B-462,Канцтовары,АО 'РегионСнаб',732,0.5,2028-07-10,Ряд 17-Стеллаж 50,25084.29,5
NOM-001664,Ручка Max-205,Канцтовары,ЗАО 'СкладСервис',559,5.0,2027-05-10,Ряд 13-Стеллаж 34,2521.32,145
SGQ-001665,Ключ Pro-704,Инструменты,Компания 'Логистик',478,1.0,2029-09-07,Ряд 13-Стеллаж 2,37664.27,17
LHU-001666,Молоток A-860,Инструменты,Группа 'Мегаполис',904,1.0,2027-03-05,Ряд 20-Стеллаж 29,7750.56,19
OOD-001667,Платье C-339,Одежда,АО 'РегионСнаб',410,0.1,2030-02-28,Ряд 11-Стеллаж 47,22508.45,2
MYY-001668,Ручка A-396,Канцтовары,ООО 'ИмпортТрейд',769,2.0,2029-02-16,Ряд 9-Стеллаж 31,21576.12,14
NIU-001669,Дрель A-158,Инструменты,ООО 'ОптТорг',876,0.1,NULL,Ряд 3-Стеллаж 27,19161.6,1
EGH-001670,Кроссовки Pro-18,Одежда,ООО 'ОптТорг',602,1.0,2027-03-07,Ряд 5-Стеллаж 13,10119.47,20
NGI-001671,Шина B-939,Автотовары,ООО 'Поставщик+',747,0.1,2030-06-15,Ряд 7-Стеллаж 3,44100.75,1
FQB-001672,Смартфон B-276,Электроника,Торговый дом 'Восточный',340,1.0,2031-03-01,Ряд 8-Стеллаж 2,49156.81,15
RAU-001673,Лоток C-113,Зоотовары,АО 'Торговый дом',843,1.0,2030-11-23,Ряд 5-Стеллаж 18,16864.94,11
FKH-001674,Монитор A-587,Электроника,Компания 'Логистик',325,5.0,NULL,Ряд 13-Стеллаж 49,34580.52,80
IQY-001675,Одеяло Max-632,Товары для дома,Компания 'Логистик',693,0.1,2028-06-01,Ряд 5-Стеллаж 43,49130.42,0
GDW-001676,Наушники B-865,Электроника,Группа 'Мегаполис',992,0.1,2028-12-12,Ряд 11-Стеллаж 34,14054.32,0
IBC-001677,Роман Max-317,Книги,ТД 'Универсал',680,0.5,2028-08-28,Ряд 14-Стеллаж 30,18160.58,9
BXT-001678,Клетка Max-527,Зоотовары,ООО 'ОптТорг',738,0.1,2028-11-20,Ряд 20-Стеллаж 21,39346.06,2
UHO-001679,Кофе Pro-734,Продукты питания,Группа 'Мегаполис',662,2.0,2026-10-14,Ряд 1-Стеллаж 48,32159.11,60
QHL-001680,Фильтр Lite-219,Автотовары,Компания 'Логистик',950,0.5,2030-08-26,Ряд 7-Стеллаж 45,174.27,9
RQR-001681,Бумага C-577,Канцтовары,АО 'Торговый дом',831,0.5,2030-12-21,Ряд 5-Стеллаж 19,38958.02,9
IQP-001682,Наушники Lite-515,Электроника,АО 'РегионСнаб',950,0.1,2026-10-30,Ряд 5-Стеллаж 15,32705.48,1
YAD-001683,Кофе Max-654,Продукты питания,Группа 'Мегаполис',482,1.0,NULL,Ряд 14-Стеллаж 21,41204.91,29
LRO-001684,Фильтр Lite-538,Автотовары,ТД 'Универсал',594,0.5,2027-05-13,Ряд 15-Стеллаж 27,24845.16,8
CVW-001685,Коврик Pro-617,Спорттовары,ИП Петрова,701,0.1,2030-10-04,Ряд 17-Стеллаж 5,17669.48,0
BPJ-001686,Свеча B-538,Товары для дома,Торговый дом 'Восточный',642,0.5,2029-05-05,Ряд 17-Стеллаж 17,27547.18,10
AEA-001687,Дворники A-648,Автотовары,АО 'РегионСнаб',81,0.1,2028-10-09,Ряд 6-Стеллаж 8,46785.93,2
WTO-001688,Лыжи B-836,Спорттовары,АО 'Торговый дом',158,5.0,2031-02-05,Ряд 13-Стеллаж 42,39217.69,50
VQM-001689,Отвертка Pro-799,Инструменты,АО 'РегионСнаб',732,2.0,NULL,Ряд 4-Стеллаж 4,22761.35,22
DOK-001690,Одеяло Max-324,Товары для дома,Группа 'Мегаполис',229,0.1,2030-08-12,Ряд 10-Стеллаж 39,45110.9,0
BML-001691,Свеча Pro-242,Товары для дома,АО 'РегионСнаб',882,0.5,2029-03-27,Ряд 11-Стеллаж 23,34541.32,3
TTV-001692,Игрушка Max-96,Зоотовары,Группа 'Мегаполис',102,0.5,2029-12-12,Ряд 15-Стеллаж 44,45258.16,9
NQR-001693,Фантастика B-108,Книги,Группа 'Мегаполис',528,0.1,2027-11-26,Ряд 2-Стеллаж 20,18413.84,2
ZII-001694,Аккумулятор A-333,Автотовары,ООО 'Поставщик+',667,5.0,2029-06-08,Ряд 11-Стеллаж 4,9962.68,120
QKY-001695,Гантели Max-997,Спорттовары,ИП Петрова,76,1.0,2030-09-09,Ряд 20-Стеллаж 29,26909.46,11
HUG-001696,Пила C-834,Инструменты,ООО 'ОптТорг',298,0.1,2029-10-22,Ряд 1-Стеллаж 49,49484.3,2
ALY-001697,Посуда Pro-724,Товары для дома,ООО 'ИмпортТрейд',491,0.1,2029-05-01,Ряд 4-Стеллаж 23,29135.49,2
XPS-001698,Макароны Lite-378,Продукты питания,ЗАО 'СкладСервис',449,0.1,2029-05-01,Ряд 2-Стеллаж 9,28268.5,0
XRQ-001699,Мыло Lite-254,Бытовая химия,Группа 'Мегаполис',179,0.5,2030-04-03,Ряд 3-Стеллаж 36,17380.63,15
PUA-001700,Дворники C-558,Автотовары,Группа 'Мегаполис',307,0.1,2029-08-04,Ряд 13-Стеллаж 12,36371.41,1
HCQ-001701,Духи B-79,Косметика,Торговый дом 'Восточный',954,5.0,NULL,Ряд 3-Стеллаж 29,196.72,35
NCO-001702,Футболка Max-605,Одежда,ЗАО 'СкладСервис',854,5.0,NULL,Ряд 10-Стеллаж 18,33398.93,95
GOS-001703,Фильтр B-790,Автотовары,Компания 'Логистик',26,1.0,2027-01-05,Ряд 5-Стеллаж 35,20283.15,28
YVL-001704,Клетка Pro-464,Зоотовары,ООО 'ИмпортТрейд',992,5.0,2030-04-27,Ряд 6-Стеллаж 8,27913.62,65
LPJ-001705,Дрель B-831,Инструменты,АО 'РегионСнаб',445,5.0,NULL,Ряд 11-Стеллаж 48,19738.11,70
YAU-001706,Крупа Max-449,Продукты питания,ИП Иванов,696,1.0,2027-12-02,Ряд 20-Стеллаж 38,27233.68,9
ZOX-001707,Шина C-834,Автотовары,ООО 'ИмпортТрейд',632,1.0,2030-09-13,Ряд 20-Стеллаж 5,16403.52,27
KHA-001708,Макароны B-890,Продукты питания,Группа 'Мегаполис',251,2.0,NULL,Ряд 10-Стеллаж 26,45402.88,40
VVC-001709,Пила Lite-649,Инструменты,Группа 'Мегаполис',501,2.0,NULL,Ряд 19-Стеллаж 38,39125.62,36
IPE-001710,Кофе C-3,Продукты питания,ТД 'Универсал',701,0.5,2027-06-04,Ряд 10-Стеллаж 39,2296.81,6
ZTI-001711,Джинсы Lite-933,Одежда,Торговый дом 'Восточный',739,5.0,2027-12-22,Ряд 9-Стеллаж 36,19996.54,55
NOH-001712,Моющее средство B-367,Бытовая химия,Группа 'Мегаполис',67,0.1,NULL,Ряд 3-Стеллаж 24,34347.56,1
CGU-001713,Дворники C-293,Автотовары,ООО 'ОптТорг',529,0.5,NULL,Ряд 5-Стеллаж 45,453.46,3
GML-001714,Кроссовки Pro-989,Одежда,ООО 'ОптТорг',198,0.1,2030-12-24,Ряд 2-Стеллаж 4,5040.27,2
GIP-001715,Ручка A-498,Канцтовары,АО 'Торговый дом',960,0.1,2028-05-18,Ряд 16-Стеллаж 35,20657.01,2
UCL-001716,Наушники Max-562,Электроника,ИП Петрова,687,0.5,2029-11-07,Ряд 5-Стеллаж 22,38061.26,4
QAW-001717,Подушка Pro-35,Товары для дома,ЗАО 'СкладСервис',202,0.1,NULL,Ряд 9-Стеллаж 12,35351.1,1
BFE-001718,Гантели C-759,Спорттовары,АО 'РегионСнаб',895,0.5,2030-01-16,Ряд 1-Стеллаж 44,16355.72,5
CHD-001719,Молоток A-881,Инструменты,АО 'РегионСнаб',491,0.1,NULL,Ряд 11-Стеллаж 48,29461.73,1
KXF-001720,Фантастика B-189,Книги,ООО 'ОптТорг',144,0.1,2026-07-29,Ряд 2-Стеллаж 3,49561.13,1
RBJ-001721,Лоток C-215,Зоотовары,ООО 'Поставщик+',97,5.0,2028-06-03,Ряд 3-Стеллаж 8,37920.33,75
FCF-001722,Чай Max-291,Продукты питания,ООО 'ИмпортТрейд',185,0.5,2029-01-19,Ряд 8-Стеллаж 47,29905.36,8
IFE-001723,Пила B-275,Инструменты,Компания 'Логистик',791,2.0,2028-03-11,Ряд 6-Стеллаж 17,29203.31,40
EBV-001724,Бумага B-637,Канцтовары,Группа 'Мегаполис',447,2.0,2029-07-10,Ряд 9-Стеллаж 43,28663.78,54
MGK-001725,Куртка Pro-783,Одежда,ООО 'ИмпортТрейд',704,0.1,2030-06-06,Ряд 12-Стеллаж 22,28157.89,0
XYJ-001726,Моющее средство B-415,Бытовая химия,ЗАО 'СкладСервис',523,0.1,2028-10-02,Ряд 9-Стеллаж 31,39148.68,1
WSE-001727,Аккумулятор B-781,Автотовары,Компания 'Логистик',945,2.0,2029-06-21,Ряд 11-Стеллаж 14,28081.59,58
QTO-001728,Бумага A-347,Канцтовары,Торговый дом 'Восточный',255,0.1,2029-02-23,Ряд 13-Стеллаж 32,46192.76,1
MEL-001729,Поводок Pro-562,Зоотовары,Торговый дом 'Восточный',956,0.5,2028-12-01,Ряд 18-Стеллаж 15,16232.88,6
ITG-001730,Одеяло Lite-624,Товары для дома,ООО 'Поставщик+',422,2.0,2028-12-27,Ряд 10-Стеллаж 37,23545.93,54
TTU-001731,Джинсы Max-473,Одежда,АО 'РегионСнаб',98,0.5,2029-01-19,Ряд 17-Стеллаж 6,5120.23,11
CGM-001732,Шампунь Lite-926,Бытовая химия,ТД 'Универсал',133,0.5,2028-03-09,Ряд 4-Стеллаж 18,26838.46,10
SOD-001733,Энциклопедия Pro-407,Книги,Компания 'Логистик',587,0.1,2026-05-10,Ряд 10-Стеллаж 26,39198.53,2
EQV-001734,Фантастика A-472,Книги,ИП Петрова,851,1.0,2029-10-29,Ряд 12-Стеллаж 49,20302.7,13
DYW-001735,Подушка Max-113,Товары для дома,ЗАО 'СкладСервис',920,0.5,2028-04-09,Ряд 19-Стеллаж 17,25306.07,14
EKX-001736,Словарь C-226,Книги,Компания 'Логистик',580,0.5,2028-04-22,Ряд 14-Стеллаж 44,44455.89,7
PAY-001737,Кроссовки C-749,Одежда,ИП Иванов,358,2.0,NULL,Ряд 13-Стеллаж 50,35934.84,50
PTC-001738,Мыло Lite-814,Бытовая химия,Группа 'Мегаполис',278,5.0,2028-07-01,Ряд 14-Стеллаж 31,32856.73,65
CBO-001739,Фантастика A-107,Книги,Компания 'Логистик',90,1.0,2030-12-06,Ряд 20-Стеллаж 14,1932.98,15
KZP-001740,Роман B-543,Книги,ИП Петрова,678,1.0,NULL,Ряд 10-Стеллаж 42,44952.98,12
OWW-001741,Джинсы A-978,Одежда,АО 'РегионСнаб',937,0.5,2028-07-27,Ряд 20-Стеллаж 39,2025.8,8
VFN-001742,Роман Max-490,Книги,ООО 'ИмпортТрейд',309,1.0,2026-04-08,Ряд 7-Стеллаж 21,9914.21,20
ORM-001743,Подушка Pro-119,Товары для дома,АО 'Торговый дом',210,5.0,NULL,Ряд 11-Стеллаж 31,4989.16,145
FDS-001744,Картина Lite-823,Товары для дома,ЗАО 'СкладСервис',316,5.0,2029-11-12,Ряд 15-Стеллаж 43,43378.21,60
RHD-001745,Гантели Pro-488,Спорттовары,ТД 'Универсал',871,1.0,NULL,Ряд 16-Стеллаж 45,3800.39,26
WJJ-001746,Молоток Max-389,Инструменты,Группа 'Мегаполис',619,0.1,2028-08-11,Ряд 2-Стеллаж 41,24990.89,2
DPH-001747,Моющее средство C-53,Бытовая химия,ЗАО 'СкладСервис',155,0.1,2027-04-20,Ряд 3-Стеллаж 46,11911.56,1
KRZ-001748,Чай Max-320,Продукты питания,АО 'РегионСнаб',68,0.5,2028-02-17,Ряд 11-Стеллаж 11,49917.1,6
XAQ-001749,Помада Pro-620,Косметика,ТД 'Универсал',737,2.0,2029-09-17,Ряд 17-Стеллаж 34,45749.33,36
HOY-001750,Шампунь B-375,Бытовая химия,ООО 'Поставщик+',31,0.5,2030-01-27,Ряд 14-Стеллаж 29,17426.01,14
JNX-001751,Чай C-27,Продукты питания,ТД 'Универсал',653,1.0,NULL,Ряд 13-Стеллаж 9,38033.06,18
GWM-001752,Лоток Max-979,Зоотовары,ООО 'Поставщик+',84,0.1,2028-10-14,Ряд 8-Стеллаж 1,49342.09,1
YWG-001753,Энциклопедия A-498,Книги,ООО 'ОптТорг',455,2.0,2028-03-08,Ряд 14-Стеллаж 27,27097.69,16
DDM-001754,Крупа B-570,Продукты питания,Группа 'Мегаполис',513,1.0,2029-01-25,Ряд 5-Стеллаж 15,7184.12,11
EAH-001755,Степлер C-464,Канцтовары,ИП Иванов,538,0.1,2029-10-30,Ряд 2-Стеллаж 1,13682.33,0
PDJ-001756,Джинсы B-785,Одежда,Торговый дом 'Восточный',118,5.0,2029-12-04,Ряд 7-Стеллаж 21,48360.75,105
QPY-001757,Наушники Lite-247,Электроника,АО 'РегионСнаб',296,0.1,2030-03-07,Ряд 16-Стеллаж 36,49028.18,2
AYA-001758,Куртка B-806,Одежда,ООО 'Поставщик+',916,0.5,NULL,Ряд 11-Стеллаж 16,15099.05,13
TTC-001759,Лоток Max-569,Зоотовары,Компания 'Логистик',294,0.5,2029-10-11,Ряд 5-Стеллаж 36,1868.81,4
YFK-001760,Тетрадь A-228,Канцтовары,ТД 'Универсал',934,1.0,2029-06-09,Ряд 15-Стеллаж 36,29279.88,10
VQX-001761,Дворники C-981,Автотовары,Компания 'Логистик',953,5.0,2028-04-17,Ряд 20-Стеллаж 37,736.35,85
IMJ-001762,Картина Pro-581,Товары для дома,Компания 'Логистик',714,2.0,2029-03-18,Ряд 19-Стеллаж 48,83.1,40
QRJ-001763,Чай Pro-247,Продукты питания,ООО 'ОптТорг',622,2.0,NULL,Ряд 3-Стеллаж 47,2471.12,34
GTJ-001764,Монитор Lite-60,Электроника,АО 'Торговый дом',408,0.5,2029-05-31,Ряд 14-Стеллаж 43,28028.93,8
DFA-001765,Духи C-822,Косметика,Группа 'Мегаполис',490,1.0,2030-05-24,Ряд 10-Стеллаж 18,15099.63,22
WAH-001766,Макароны A-466,Продукты питания,Группа 'Мегаполис',761,0.1,2027-08-27,Ряд 7-Стеллаж 20,25638.57,0
SIS-001767,Степлер A-394,Канцтовары,Группа 'Мегаполис',964,2.0,NULL,Ряд 18-Стеллаж 22,15800.5,32
EMV-001768,Планшет Max-615,Электроника,ИП Иванов,284,0.1,NULL,Ряд 7-Стеллаж 15,32875.09,2
HEF-001769,Джинсы Lite-446,Одежда,ООО 'ИмпортТрейд',655,0.5,2026-12-02,Ряд 13-Стеллаж 15,2352.2,3
KXR-001770,Подушка C-90,Товары для дома,АО 'Торговый дом',453,0.1,NULL,Ряд 6-Стеллаж 39,6984.79,1
KOT-001771,Платье B-130,Одежда,ООО 'ИмпортТрейд',700,0.1,2026-10-02,Ряд 13-Стеллаж 39,10535.31,0
VTZ-001772,Футболка Max-600,Одежда,Группа 'Мегаполис',600,0.1,2030-03-04,Ряд 1-Стеллаж 12,7603.63,2
BOQ-001773,Мыло Pro-102,Бытовая химия,ООО 'ИмпортТрейд',633,0.1,2028-07-05,Ряд 1-Стеллаж 4,32324.08,1
JEI-001774,Роман Max-461,Книги,Торговый дом 'Восточный',693,0.1,NULL,Ряд 12-Стеллаж 23,48492.88,1
PQX-001775,Шампунь Pro-939,Бытовая химия,ООО 'Поставщик+',292,2.0,2029-05-19,Ряд 5-Стеллаж 48,11754.92,38
UTH-001776,Дрель B-694,Инструменты,Компания 'Логистик',451,1.0,2028-05-29,Ряд 1-Стеллаж 48,5957.57,16
PXX-001777,Клетка A-129,Зоотовары,ТД 'Универсал',997,0.5,2030-01-26,Ряд 2-Стеллаж 23,8880.92,11
AOO-001778,Роман Max-117,Книги,ЗАО 'СкладСервис',328,0.5,2028-07-30,Ряд 20-Стеллаж 4,7836.19,7
KQR-001779,Аккумулятор A-553,Автотовары,ООО 'Поставщик+',395,1.0,2029-04-23,Ряд 11-Стеллаж 16,6817.39,13
JEW-001780,Отвертка Lite-320,Инструменты,ЗАО 'СкладСервис',529,1.0,2030-06-27,Ряд 8-Стеллаж 32,4235.21,16
FBY-001781,Моющее средство Max-715,Бытовая химия,ТД 'Универсал',850,0.5,2028-10-05,Ряд 18-Стеллаж 37,45397.8,5
BDL-001782,Посуда A-503,Товары для дома,ЗАО 'СкладСервис',641,0.5,2029-05-02,Ряд 5-Стеллаж 31,37760.54,12
RFR-001783,Молоток Pro-824,Инструменты,ООО 'ИмпортТрейд',583,0.1,2031-02-06,Ряд 5-Стеллаж 3,4757.67,1
JSK-001784,Макароны C-226,Продукты питания,АО 'РегионСнаб',455,2.0,2028-03-13,Ряд 3-Стеллаж 10,24418.2,30
ZXM-001785,Степлер Pro-164,Канцтовары,ЗАО 'СкладСервис',401,0.5,2030-06-20,Ряд 9-Стеллаж 34,22092.28,8
EVP-001786,Фантастика B-994,Книги,ООО 'ИмпортТрейд',850,0.1,2028-04-21,Ряд 5-Стеллаж 21,340.39,2
OIN-001787,Степлер B-758,Канцтовары,АО 'Торговый дом',146,2.0,2028-11-14,Ряд 15-Стеллаж 27,35562.55,24
IAL-001788,Мыло A-191,Бытовая химия,Компания 'Логистик',701,2.0,2026-04-15,Ряд 5-Стеллаж 37,5556.84,40
DFX-001789,Дворники Pro-879,Автотовары,ООО 'ОптТорг',877,1.0,2028-03-13,Ряд 10-Стеллаж 23,48624.66,30
WJW-001790,Помада Lite-697,Косметика,Торговый дом 'Восточный',671,0.1,NULL,Ряд 20-Стеллаж 34,6741.02,1
VYY-001791,Мыло A-735,Бытовая химия,Группа 'Мегаполис',455,1.0,2027-02-27,Ряд 2-Стеллаж 37,34950.9,15
XMT-001792,Масло A-142,Автотовары,ООО 'Поставщик+',404,0.1,NULL,Ряд 5-Стеллаж 34,21345.61,0
WVA-001793,Ноутбук B-771,Электроника,Торговый дом 'Восточный',692,0.5,2028-11-15,Ряд 13-Стеллаж 17,38673.08,12
FWR-001794,Молоток Max-212,Инструменты,ООО 'Поставщик+',969,2.0,2027-02-25,Ряд 18-Стеллаж 39,20303.31,60
JWQ-001795,Тушь Lite-733,Косметика,ИП Петрова,939,0.1,2028-11-28,Ряд 1-Стеллаж 36,49269.32,2
VCE-001796,Крем A-921,Косметика,ИП Петрова,378,2.0,2029-05-15,Ряд 12-Стеллаж 4,41252.26,14
IKM-001797,Лыжи Lite-655,Спорттовары,Торговый дом 'Восточный',707,2.0,NULL,Ряд 2-Стеллаж 14,47585.35,60
TTH-001798,Поводок A-704,Зоотовары,АО 'Торговый дом',62,0.1,2027-11-04,Ряд 3-Стеллаж 23,20313.06,2
FIN-001799,Корм B-44,Зоотовары,АО 'Торговый дом',281,0.5,2028-07-02,Ряд 10-Стеллаж 30,16019.95,11
QAX-001800,Мяч B-910,Спорттовары,ООО 'ИмпортТрейд',390,0.1,2030-09-10,Ряд 18-Стеллаж 17,1852.78,2
MXC-001801,Картина Pro-435,Товары для дома,ООО 'ОптТорг',710,1.0,NULL,Ряд 4-Стеллаж 28,4715.77,18
ZNK-001802,Футболка Pro-891,Одежда,ИП Петрова,584,0.5,2031-02-01,Ряд 7-Стеллаж 43,10000.35,10
BIA-001803,Гантели Lite-379,Спорттовары,Группа 'Мегаполис',383,0.1,2028-07-16,Ряд 19-Стеллаж 23,21128.0,2
GYZ-001804,Подушка Pro-928,Товары для дома,ЗАО 'СкладСервис',607,2.0,NULL,Ряд 6-Стеллаж 25,20038.98,22
UMO-001805,Футболка B-7,Одежда,ЗАО 'СкладСервис',338,0.5,2028-05-10,Ряд 14-Стеллаж 36,24269.63,6
DNF-001806,Масло B-328,Автотовары,ИП Иванов,490,2.0,2029-05-29,Ряд 9-Стеллаж 21,3528.14,36
DNY-001807,Отвертка Max-863,Инструменты,АО 'Торговый дом',991,0.1,2029-03-26,Ряд 1-Стеллаж 35,45809.07,2
ALV-001808,Мяч Lite-300,Спорттовары,Торговый дом 'Восточный',864,0.1,2030-10-17,Ряд 15-Стеллаж 48,47508.82,1
DDT-001809,Корм A-848,Зоотовары,ООО 'ОптТорг',943,0.5,2028-07-04,Ряд 1-Стеллаж 29,45374.63,5
DWD-001810,Крем Lite-855,Косметика,ЗАО 'СкладСервис',297,0.5,2030-02-13,Ряд 16-Стеллаж 45,33127.65,11
YSL-001811,Платье Pro-789,Одежда,ЗАО 'СкладСервис',593,1.0,NULL,Ряд 12-Стеллаж 46,30515.2,18
LHP-001812,Фантастика Max-376,Книги,ЗАО 'СкладСервис',386,0.5,2027-09-17,Ряд 10-Стеллаж 50,13337.41,3
DYV-001813,Крупа B-858,Продукты питания,ЗАО 'СкладСервис',388,1.0,NULL,Ряд 15-Стеллаж 40,10054.52,29
CBG-001814,Посуда Pro-808,Товары для дома,Торговый дом 'Восточный',13,0.5,2030-11-05,Ряд 8-Стеллаж 27,2550.94,5
QCX-001815,Ручка B-411,Канцтовары,ООО 'Поставщик+',763,1.0,NULL,Ряд 5-Стеллаж 27,495.22,23
JOF-001816,Духи C-504,Косметика,ТД 'Универсал',931,0.5,2029-04-21,Ряд 8-Стеллаж 21,14486.67,11
XPC-001817,Свеча C-696,Товары для дома,АО 'РегионСнаб',483,1.0,2028-03-29,Ряд 8-Стеллаж 46,25292.6,20
VVA-001818,Моющее средство C-403,Бытовая химия,АО 'Торговый дом',965,10.0,2030-06-13,Ряд 14-Стеллаж 24,7355.32,230
OGX-001819,Крупа A-560,Продукты питания,Торговый дом 'Восточный',510,1.0,2027-03-04,Ряд 2-Стеллаж 3,34475.84,30
KBH-001820,Роман Pro-978,Книги,АО 'РегионСнаб',808,0.1,2030-01-22,Ряд 9-Стеллаж 14,41203.88,2
QSW-001821,Роман A-929,Книги,Торговый дом 'Восточный',202,10.0,2029-05-19,Ряд 13-Стеллаж 39,35652.78,130
BSP-001822,Мяч B-540,Спорттовары,ИП Петрова,602,0.1,2028-10-20,Ряд 1-Стеллаж 20,42687.71,2
QYI-001823,Духи Max-455,Косметика,АО 'Торговый дом',343,0.5,2028-06-12,Ряд 20-Стеллаж 48,11544.25,7
KCU-001824,Ключ A-358,Инструменты,ИП Иванов,546,5.0,2028-08-16,Ряд 5-Стеллаж 9,33735.24,100
WWO-001825,Дворники B-691,Автотовары,Торговый дом 'Восточный',262,2.0,2029-05-26,Ряд 3-Стеллаж 6,1864.98,36
UGW-001826,Дрель B-684,Инструменты,ТД 'Универсал',952,0.1,2029-10-16,Ряд 5-Стеллаж 7,27907.09,1
KGZ-001827,Фантастика Pro-491,Книги,ООО 'ИмпортТрейд',663,0.1,NULL,Ряд 16-Стеллаж 28,23972.86,1
KXR-001828,Гантели Pro-947,Спорттовары,Группа 'Мегаполис',418,5.0,2030-03-03,Ряд 1-Стеллаж 6,36449.05,95
KPE-001829,Дрель B-192,Инструменты,АО 'РегионСнаб',454,0.5,2029-04-03,Ряд 15-Стеллаж 42,19884.25,9
OQR-001830,Фантастика A-139,Книги,ООО 'ОптТорг',990,1.0,NULL,Ряд 19-Стеллаж 16,40430.75,25
IQM-001831,Кофе A-325,Продукты питания,АО 'РегионСнаб',330,5.0,2028-04-21,Ряд 18-Стеллаж 13,45611.14,90
ABS-001832,Тональный крем C-889,Косметика,АО 'Торговый дом',791,0.5,2029-03-21,Ряд 19-Стеллаж 5,47672.2,5
KUN-001833,Шина A-5,Автотовары,АО 'Торговый дом',663,0.1,2028-08-21,Ряд 14-Стеллаж 3,2851.32,2
SEH-001834,Словарь Max-18,Книги,ЗАО 'СкладСервис',185,0.5,2030-12-02,Ряд 12-Стеллаж 41,23179.62,4
UPA-001835,Платье C-176,Одежда,Торговый дом 'Восточный',898,0.1,NULL,Ряд 17-Стеллаж 26,41788.88,0
OZK-001836,Корм Max-575,Зоотовары,ИП Петрова,352,0.1,2026-05-30,Ряд 8-Стеллаж 13,20433.31,1
AEB-001837,Фильтр C-719,Автотовары,ЗАО 'СкладСервис',200,0.1,2026-07-20,Ряд 6-Стеллаж 25,32577.85,2
ULG-001838,Детектив Max-985,Книги,ЗАО 'СкладСервис',295,10.0,2030-12-09,Ряд 3-Стеллаж 42,38143.88,160
PXR-001839,Фильтр C-339,Автотовары,Компания 'Логистик',50,1.0,2029-05-01,Ряд 12-Стеллаж 42,15231.25,18
SHR-001840,Лыжи B-806,Спорттовары,ООО 'ОптТорг',678,2.0,2031-01-17,Ряд 7-Стеллаж 43,37389.54,30
HTF-001841,Бумага Lite-321,Канцтовары,ЗАО 'СкладСервис',560,5.0,NULL,Ряд 14-Стеллаж 32,10830.92,95
GAR-001842,Аккумулятор Lite-575,Автотовары,ТД 'Универсал',373,0.5,2029-10-17,Ряд 8-Стеллаж 11,38668.32,13
FVG-001843,Мыло A-370,Бытовая химия,Торговый дом 'Восточный',440,10.0,2028-05-04,Ряд 12-Стеллаж 2,38169.79,160
ZAE-001844,Духи Lite-47,Косметика,АО 'РегионСнаб',474,0.1,NULL,Ряд 7-Стеллаж 18,8652.16,2
SLX-001845,Масло B-576,Автотовары,ИП Иванов,864,5.0,NULL,Ряд 12-Стеллаж 43,31462.85,140
YBD-001846,Гантели Lite-97,Спорттовары,ООО 'ИмпортТрейд',112,0.5,NULL,Ряд 1-Стеллаж 20,49623.24,3
IIX-001847,Крупа A-817,Продукты питания,ТД 'Универсал',610,0.1,2029-06-20,Ряд 8-Стеллаж 49,24598.97,1
SXC-001848,Мыло B-565,Бытовая химия,ЗАО 'СкладСервис',361,1.0,2027-08-19,Ряд 13-Стеллаж 23,9273.3,21
LRX-001849,Поводок C-300,Зоотовары,ООО 'ИмпортТрейд',113,1.0,2029-06-01,Ряд 17-Стеллаж 13,27722.66,28
ICQ-001850,Дрель C-849,Инструменты,ООО 'Поставщик+',817,1.0,NULL,Ряд 8-Стеллаж 21,4733.66,22
JTF-001851,Аккумулятор B-254,Автотовары,Торговый дом 'Восточный',32,5.0,NULL,Ряд 6-Стеллаж 35,42267.79,100
LKZ-001852,Крупа Pro-30,Продукты питания,АО 'Торговый дом',683,0.5,2030-07-15,Ряд 6-Стеллаж 49,21298.83,5
NNN-001853,Клетка B-21,Зоотовары,ТД 'Универсал',401,0.1,2028-06-30,Ряд 14-Стеллаж 37,11740.37,2
UGQ-001854,Степлер B-940,Канцтовары,АО 'Торговый дом',446,1.0,2028-05-06,Ряд 11-Стеллаж 47,30796.49,25
VXS-001855,Ключ Lite-981,Инструменты,ТД 'Универсал',233,1.0,2029-05-15,Ряд 9-Стеллаж 15,41397.84,23
BNW-001856,Футболка Max-149,Одежда,ЗАО 'СкладСервис',298,1.0,NULL,Ряд 20-Стеллаж 16,20066.86,18
OUG-001857,Мыло C-605,Бытовая химия,Компания 'Логистик',135,0.5,2030-10-12,Ряд 6-Стеллаж 39,30501.21,5
AHG-001858,Футболка Max-669,Одежда,ООО 'ОптТорг',871,1.0,NULL,Ряд 14-Стеллаж 40,18656.98,9
WRP-001859,Аккумулятор Lite-130,Автотовары,АО 'Торговый дом',694,1.0,NULL,Ряд 5-Стеллаж 44,29248.1,28
KUI-001860,Футболка Max-516,Одежда,ТД 'Универсал',218,2.0,NULL,Ряд 14-Стеллаж 10,34281.15,18
MVE-001861,Платье A-792,Одежда,ИП Петрова,563,0.1,2029-12-20,Ряд 15-Стеллаж 14,33985.9,2
ADN-001862,Масло C-885,Автотовары,ТД 'Универсал',1,0.5,2028-02-19,Ряд 20-Стеллаж 48,30956.58,15
FGI-001863,Смартфон B-763,Электроника,ИП Иванов,6,0.1,2031-01-31,Ряд 8-Стеллаж 36,24743.64,2
YQW-001864,Консервы Lite-800,Продукты питания,ИП Петрова,323,0.5,2028-06-05,Ряд 8-Стеллаж 42,38966.61,7
SFK-001865,Фантастика A-46,Книги,ТД 'Универсал',695,0.5,NULL,Ряд 5-Стеллаж 16,39450.94,12
BGO-001866,Кофе C-164,Продукты питания,ТД 'Универсал',176,0.1,NULL,Ряд 8-Стеллаж 18,18796.08,1
DCN-001867,Мяч Max-397,Спорттовары,ИП Иванов,370,2.0,2026-03-25,Ряд 18-Стеллаж 48,9889.49,60
NSQ-001868,Стиральный порошок Pro-768,Бытовая химия,АО 'РегионСнаб',861,0.1,2028-08-24,Ряд 16-Стеллаж 16,36927.05,2
NSQ-001869,Пила A-468,Инструменты,ТД 'Универсал',188,0.1,2028-08-13,Ряд 9-Стеллаж 45,35877.71,0
CGO-001870,Смартфон A-904,Электроника,ЗАО 'СкладСервис',687,0.5,2029-03-05,Ряд 7-Стеллаж 30,370.67,9
UTQ-001871,Клетка A-615,Зоотовары,Компания 'Логистик',370,0.1,2030-10-24,Ряд 5-Стеллаж 40,19801.62,1
ELC-001872,Фильтр Lite-363,Автотовары,ТД 'Универсал',751,1.0,2030-12-22,Ряд 17-Стеллаж 27,37516.67,20
KDK-001873,Ключ Pro-766,Инструменты,ТД 'Универсал',556,0.1,2030-12-08,Ряд 7-Стеллаж 30,4967.36,2
HZE-001874,Чай B-507,Продукты питания,Группа 'Мегаполис',703,1.0,2029-10-13,Ряд 13-Стеллаж 5,15131.2,19
LSA-001875,Игрушка C-524,Зоотовары,АО 'Торговый дом',73,2.0,2029-11-01,Ряд 6-Стеллаж 41,33563.57,36
FPZ-001876,Фантастика Lite-397,Книги,АО 'РегионСнаб',212,2.0,NULL,Ряд 1-Стеллаж 17,19445.49,38
PXY-001877,Моющее средство Pro-747,Бытовая химия,АО 'РегионСнаб',564,1.0,2027-03-05,Ряд 1-Стеллаж 18,27087.12,22
FVT-001878,Посуда Lite-229,Товары для дома,ИП Иванов,764,5.0,2028-10-19,Ряд 6-Стеллаж 31,46755.36,95
HBG-001879,Отвертка C-492,Инструменты,Торговый дом 'Восточный',959,1.0,NULL,Ряд 18-Стеллаж 29,8558.43,23
DFC-001880,Кроссовки Max-259,Одежда,ТД 'Универсал',713,1.0,2030-11-09,Ряд 11-Стеллаж 44,22437.57,26
VMH-001881,Посуда Lite-875,Товары для дома,ТД 'Универсал',639,1.0,NULL,Ряд 5-Стеллаж 7,24542.11,10
KIK-001882,Коврик Pro-883,Спорттовары,Торговый дом 'Восточный',97,1.0,2028-03-20,Ряд 14-Стеллаж 5,24651.17,27
GZF-001883,Футболка Pro-612,Одежда,ИП Иванов,610,0.5,2030-09-05,Ряд 6-Стеллаж 48,43343.37,10
HKM-001884,Мяч Pro-544,Спорттовары,ООО 'ОптТорг',72,0.1,2028-08-21,Ряд 19-Стеллаж 42,29059.06,2
ZEB-001885,Моющее средство A-399,Бытовая химия,ЗАО 'СкладСервис',843,0.1,2030-12-07,Ряд 12-Стеллаж 13,39777.46,2
FZF-001886,Джинсы Pro-689,Одежда,Группа 'Мегаполис',78,0.5,2028-05-15,Ряд 2-Стеллаж 20,34477.89,4
EJH-001887,Гантели Pro-872,Спорттовары,ООО 'ИмпортТрейд',515,0.1,2029-06-24,Ряд 20-Стеллаж 38,27430.53,1
HTP-001888,Крупа C-572,Продукты питания,ИП Иванов,932,0.5,NULL,Ряд 9-Стеллаж 5,41689.66,14
WBT-001889,Крем Max-556,Косметика,ТД 'Универсал',888,0.5,2026-05-02,Ряд 6-Стеллаж 46,9434.09,4
KOG-001890,Крем Lite-249,Косметика,АО 'Торговый дом',844,0.1,NULL,Ряд 8-Стеллаж 7,15731.87,1
AUM-001891,Дрель Lite-552,Инструменты,ООО 'ОптТорг',677,1.0,NULL,Ряд 19-Стеллаж 28,34803.39,16
MQX-001892,Планшет Max-969,Электроника,ООО 'ОптТорг',767,1.0,2026-05-03,Ряд 15-Стеллаж 31,31820.76,13
TCK-001893,Футболка Pro-673,Одежда,АО 'Торговый дом',898,0.1,2030-07-27,Ряд 15-Стеллаж 2,23937.04,1
FHA-001894,Крупа A-422,Продукты питания,Компания 'Логистик',135,1.0,NULL,Ряд 9-Стеллаж 7,34432.85,23
RGT-001895,Ключ C-160,Инструменты,ООО 'ИмпортТрейд',315,5.0,2028-09-21,Ряд 10-Стеллаж 19,13459.35,80
RRE-001896,Крем A-685,Косметика,Группа 'Мегаполис',827,2.0,NULL,Ряд 20-Стеллаж 20,21988.95,36
TLB-001897,Степлер Lite-724,Канцтовары,АО 'РегионСнаб',280,0.1,NULL,Ряд 10-Стеллаж 32,17610.07,2
BFB-001898,Крем A-659,Косметика,ЗАО 'СкладСервис',137,0.5,2028-06-23,Ряд 17-Стеллаж 12,19307.9,4
FJQ-001899,Чай Pro-598,Продукты питания,Торговый дом 'Восточный',591,1.0,2026-03-27,Ряд 6-Стеллаж 16,24040.23,29
RZP-001900,Крупа Lite-694,Продукты питания,ИП Петрова,355,0.1,2029-07-26,Ряд 3-Стеллаж 5,31274.37,2
AQF-001901,Тональный крем Max-193,Косметика,ИП Иванов,287,1.0,2026-08-06,Ряд 1-Стеллаж 25,21260.76,12
HEU-001902,Лоток Pro-447,Зоотовары,ООО 'ОптТорг',551,1.0,2027-11-20,Ряд 7-Стеллаж 31,18577.8,30
XGA-001903,Отвертка Lite-338,Инструменты,ООО 'ИмпортТрейд',831,0.1,2027-11-12,Ряд 18-Стеллаж 12,19216.77,2
ILF-001904,Смартфон B-583,Электроника,ИП Петрова,882,0.5,2031-02-05,Ряд 20-Стеллаж 24,30458.49,11
LXW-001905,Пила A-822,Инструменты,Компания 'Логистик',334,0.1,NULL,Ряд 16-Стеллаж 26,16440.46,1
OFA-001906,Картина Max-412,Товары для дома,ИП Петрова,348,0.1,2030-09-19,Ряд 7-Стеллаж 18,49298.46,3
RNL-001907,Масло Pro-599,Автотовары,ИП Петрова,551,1.0,2028-06-11,Ряд 1-Стеллаж 27,35054.77,21
BWQ-001908,Футболка C-402,Одежда,АО 'Торговый дом',26,5.0,2028-08-19,Ряд 9-Стеллаж 46,46620.49,105
MJL-001909,Бумага C-577,Канцтовары,ООО 'Поставщик+',668,0.5,2030-07-14,Ряд 1-Стеллаж 44,4841.3,11
XRF-001910,Энциклопедия A-662,Книги,Группа 'Мегаполис',992,5.0,2030-08-08,Ряд 19-Стеллаж 34,16416.93,75
IKW-001911,Подушка Pro-852,Товары для дома,Группа 'Мегаполис',496,0.5,NULL,Ряд 9-Стеллаж 12,39780.47,10
SPX-001912,Шина Max-503,Автотовары,АО 'Торговый дом',307,5.0,2026-08-25,Ряд 2-Стеллаж 44,42970.29,120
LEJ-001913,Помада Lite-890,Косметика,ООО 'ОптТорг',808,0.1,2029-07-24,Ряд 17-Стеллаж 42,14411.73,1
BKI-001914,Степлер Pro-616,Канцтовары,Группа 'Мегаполис',19,1.0,NULL,Ряд 3-Стеллаж 49,7108.04,24
IZP-001915,Шампунь A-913,Бытовая химия,ООО 'Поставщик+',777,0.1,2028-12-27,Ряд 16-Стеллаж 30,17546.39,1
FID-001916,Шампунь Lite-800,Бытовая химия,Торговый дом 'Восточный',432,0.1,2029-01-26,Ряд 10-Стеллаж 14,31461.96,1
PTS-001917,Стиральный порошок Pro-732,Бытовая химия,АО 'Торговый дом',550,0.1,2026-06-17,Ряд 8-Стеллаж 24,22015.23,2
VXL-001918,Шампунь B-398,Бытовая химия,АО 'Торговый дом',907,0.5,2028-03-01,Ряд 15-Стеллаж 30,44312.79,6
GKN-001919,Фантастика C-701,Книги,ООО 'Поставщик+',521,1.0,2030-11-26,Ряд 16-Стеллаж 17,39188.65,18
HGH-001920,Гантели Pro-399,Спорттовары,Торговый дом 'Восточный',342,0.1,2030-08-31,Ряд 15-Стеллаж 17,43914.97,0
MOH-001921,Духи C-91,Косметика,ИП Иванов,23,5.0,2030-02-25,Ряд 3-Стеллаж 20,29858.8,90
BTT-001922,Поводок Pro-366,Зоотовары,Группа 'Мегаполис',60,1.0,2028-06-04,Ряд 19-Стеллаж 18,36936.82,20
SDT-001923,Словарь Max-134,Книги,Компания 'Логистик',351,0.1,2030-07-14,Ряд 12-Стеллаж 16,17130.73,1
YLA-001924,Корм Max-252,Зоотовары,ЗАО 'СкладСервис',780,0.1,NULL,Ряд 1-Стеллаж 37,36856.28,0
VPT-001925,Ручка A-561,Канцтовары,АО 'РегионСнаб',79,0.1,2030-12-23,Ряд 19-Стеллаж 38,36793.13,1
CXN-001926,Фантастика Max-783,Книги,ТД 'Универсал',806,5.0,2029-11-29,Ряд 10-Стеллаж 31,22461.43,45
QNR-001927,Тушь Max-137,Косметика,Торговый дом 'Восточный',472,1.0,2030-04-25,Ряд 18-Стеллаж 10,35423.08,7
JIP-001928,Ручка Max-185,Канцтовары,ООО 'Поставщик+',539,1.0,NULL,Ряд 6-Стеллаж 45,11671.89,14
OEK-001929,Тушь A-364,Косметика,ООО 'Поставщик+',323,0.1,2031-03-01,Ряд 14-Стеллаж 12,45735.56,0
BWN-001930,Пила Max-759,Инструменты,ООО 'Поставщик+',315,0.5,2029-05-11,Ряд 18-Стеллаж 38,41908.52,7
NEL-001931,Духи Max-232,Косметика,ИП Иванов,2,0.1,NULL,Ряд 4-Стеллаж 2,46504.65,3
UMF-001932,Папка C-98,Канцтовары,АО 'Торговый дом',550,5.0,2030-06-11,Ряд 14-Стеллаж 20,46287.28,110
FZX-001933,Куртка Lite-835,Одежда,ООО 'ОптТорг',690,0.1,2026-09-06,Ряд 17-Стеллаж 24,9819.99,2
CFQ-001934,Лыжи A-829,Спорттовары,ООО 'ОптТорг',373,1.0,NULL,Ряд 18-Стеллаж 39,16427.02,26
PHX-001935,Джинсы B-551,Одежда,ИП Иванов,994,10.0,2031-01-27,Ряд 4-Стеллаж 25,23062.74,260
FWP-001936,Тушь Pro-194,Косметика,ООО 'ОптТорг',780,5.0,2028-05-24,Ряд 2-Стеллаж 13,48027.84,45
GSZ-001937,Консервы Lite-754,Продукты питания,Компания 'Логистик',936,0.1,2030-03-28,Ряд 19-Стеллаж 30,37240.91,1
YEN-001938,Макароны Max-365,Продукты питания,ТД 'Универсал',926,0.1,2029-10-27,Ряд 13-Стеллаж 6,9872.26,0
JWY-001939,Ручка A-632,Канцтовары,Группа 'Мегаполис',39,0.1,2027-12-30,Ряд 1-Стеллаж 29,22075.51,0
ZTJ-001940,Коврик A-802,Спорттовары,Компания 'Логистик',679,2.0,2030-08-03,Ряд 8-Стеллаж 48,40020.99,34
OZP-001941,Футболка Lite-940,Одежда,ИП Иванов,416,5.0,NULL,Ряд 5-Стеллаж 4,20877.95,140
TCK-001942,Кроссовки Max-136,Одежда,Торговый дом 'Восточный',766,0.5,2028-09-08,Ряд 1-Стеллаж 4,44763.82,14
EGU-001943,Платье B-666,Одежда,АО 'РегионСнаб',548,0.1,2029-01-06,Ряд 3-Стеллаж 41,40537.08,1
UVO-001944,Молоток C-583,Инструменты,ИП Иванов,31,0.5,NULL,Ряд 19-Стеллаж 46,4363.2,3
FRQ-001945,Игрушка A-48,Зоотовары,ООО 'ИмпортТрейд',504,0.1,2026-12-16,Ряд 15-Стеллаж 4,35187.79,1
YRX-001946,Духи Lite-359,Косметика,ООО 'ОптТорг',347,1.0,NULL,Ряд 7-Стеллаж 36,23180.88,10
CIX-001947,Смартфон Pro-45,Электроника,ООО 'ИмпортТрейд',693,10.0,NULL,Ряд 5-Стеллаж 41,47388.87,190
HAU-001948,Кофе C-43,Продукты питания,Компания 'Логистик',13,0.5,2030-11-03,Ряд 9-Стеллаж 29,47733.24,9
SAW-001949,Поводок Max-862,Зоотовары,ООО 'ОптТорг',995,1.0,2030-05-13,Ряд 9-Стеллаж 14,1812.09,19
JUF-001950,Лыжи B-76,Спорттовары,ТД 'Универсал',543,0.5,2030-04-20,Ряд 12-Стеллаж 28,34877.99,13
FRB-001951,Лоток Pro-10,Зоотовары,ИП Иванов,906,5.0,NULL,Ряд 3-Стеллаж 7,39978.25,65
XMP-001952,Поводок Lite-601,Зоотовары,ТД 'Универсал',924,2.0,2029-05-13,Ряд 17-Стеллаж 2,10405.36,20
UTS-001953,Коврик Pro-829,Спорттовары,ИП Иванов,973,1.0,2028-01-11,Ряд 3-Стеллаж 38,35579.33,10
OBJ-001954,Тональный крем C-747,Косметика,ТД 'Универсал',131,1.0,2028-09-07,Ряд 14-Стеллаж 31,10791.89,8
FRK-001955,Ноутбук Lite-913,Электроника,ООО 'ОптТорг',261,2.0,2031-02-16,Ряд 14-Стеллаж 22,19030.89,56
EUY-001956,Мяч Lite-224,Спорттовары,ЗАО 'СкладСервис',190,2.0,2026-12-03,Ряд 6-Стеллаж 46,26849.24,14
EJB-001957,Велосипед Lite-19,Спорттовары,ООО 'ОптТорг',351,0.5,NULL,Ряд 14-Стеллаж 32,45337.06,13
PKI-001958,Мяч B-366,Спорттовары,Группа 'Мегаполис',491,5.0,NULL,Ряд 11-Стеллаж 37,23773.45,55
QCM-001959,Папка C-90,Канцтовары,ЗАО 'СкладСервис',806,1.0,2030-12-26,Ряд 20-Стеллаж 32,13763.17,29
ZBQ-001960,Мяч Lite-634,Спорттовары,АО 'РегионСнаб',700,2.0,2026-10-14,Ряд 15-Стеллаж 21,38042.62,60
MGF-001961,Картина Lite-438,Товары для дома,АО 'РегионСнаб',364,2.0,2030-08-10,Ряд 10-Стеллаж 8,30588.3,42
GSX-001962,Смартфон A-777,Электроника,ИП Петрова,978,0.1,2029-03-12,Ряд 2-Стеллаж 8,19830.33,1
TOQ-001963,Крупа C-791,Продукты питания,ИП Иванов,944,0.1,2026-12-02,Ряд 9-Стеллаж 49,27095.44,3
REJ-001964,Мяч C-9,Спорттовары,ООО 'Поставщик+',581,1.0,2028-05-21,Ряд 2-Стеллаж 6,40233.0,23
UFH-001965,Наушники Pro-765,Электроника,АО 'Торговый дом',858,2.0,2028-05-24,Ряд 8-Стеллаж 24,39738.3,46
MYI-001966,Помада C-954,Косметика,АО 'РегионСнаб',901,0.1,2028-10-21,Ряд 5-Стеллаж 26,2093.1,2
TZQ-001967,Кофе Max-157,Продукты питания,ТД 'Универсал',139,0.1,2030-05-19,Ряд 10-Стеллаж 40,28690.61,1
SVJ-001968,Шина C-740,Автотовары,Торговый дом 'Восточный',641,5.0,2026-11-20,Ряд 12-Стеллаж 48,2176.56,45
XUV-001969,Шампунь B-427,Бытовая химия,ООО 'ОптТорг',251,2.0,2030-01-26,Ряд 11-Стеллаж 36,6981.05,24
GYJ-001970,Аккумулятор C-85,Автотовары,ЗАО 'СкладСервис',524,0.1,2030-08-31,Ряд 18-Стеллаж 40,38849.24,0
RXS-001971,Куртка A-813,Одежда,ИП Петрова,516,0.1,2028-07-19,Ряд 5-Стеллаж 37,33895.43,1
HUI-001972,Лоток Pro-279,Зоотовары,АО 'Торговый дом',439,5.0,2031-01-29,Ряд 8-Стеллаж 34,39042.15,85
LLJ-001973,Тетрадь Max-856,Канцтовары,ИП Петрова,919,0.1,2029-11-11,Ряд 20-Стеллаж 17,32449.68,2
HZL-001974,Шина Lite-880,Автотовары,ЗАО 'СкладСервис',504,0.1,2029-02-21,Ряд 5-Стеллаж 47,183.51,2
XMY-001975,Роман A-127,Книги,Группа 'Мегаполис',305,2.0,NULL,Ряд 19-Стеллаж 30,23357.73,16
YQM-001976,Шампунь B-178,Бытовая химия,Компания 'Логистик',629,5.0,2029-01-09,Ряд 3-Стеллаж 43,13157.63,120
JJZ-001977,Бумага Max-384,Канцтовары,АО 'РегионСнаб',260,0.1,NULL,Ряд 16-Стеллаж 20,4806.77,2
MQI-001978,Мыло Pro-371,Бытовая химия,ИП Иванов,549,0.5,2028-04-06,Ряд 19-Стеллаж 23,24324.92,13
YCK-001979,Ноутбук B-760,Электроника,ИП Иванов,806,2.0,2029-08-20,Ряд 4-Стеллаж 50,9711.17,24
TUQ-001980,Шина Max-505,Автотовары,ООО 'Поставщик+',307,0.1,NULL,Ряд 19-Стеллаж 29,31698.25,1
RMV-001981,Словарь Pro-962,Книги,Группа 'Мегаполис',997,0.1,2029-12-15,Ряд 19-Стеллаж 22,49734.97,2
HSK-001982,Футболка Max-867,Одежда,ТД 'Универсал',26,0.1,NULL,Ряд 3-Стеллаж 30,17429.33,2
BCT-001983,Ключ B-967,Инструменты,ТД 'Универсал',586,2.0,2028-10-10,Ряд 2-Стеллаж 32,27172.65,58
NIC-001984,Детектив Pro-412,Книги,ИП Иванов,112,1.0,2029-06-28,Ряд 18-Стеллаж 50,39583.48,25
RJF-001985,Пила B-137,Инструменты,ТД 'Универсал',245,0.5,2031-02-13,Ряд 20-Стеллаж 27,2321.5,4
NFU-001986,Шампунь C-169,Бытовая химия,Группа 'Мегаполис',820,0.5,2028-03-15,Ряд 3-Стеллаж 18,9518.6,13
MIP-001987,Пила Pro-788,Инструменты,АО 'РегионСнаб',871,1.0,2028-01-17,Ряд 16-Стеллаж 46,38605.95,25
VBS-001988,Коврик Max-448,Спорттовары,ООО 'Поставщик+',200,1.0,NULL,Ряд 2-Стеллаж 30,33693.54,14
VOD-001989,Монитор C-725,Электроника,ООО 'ОптТорг',178,5.0,NULL,Ряд 14-Стеллаж 16,44851.49,110
UBX-001990,Гантели A-271,Спорттовары,АО 'РегионСнаб',439,5.0,NULL,Ряд 5-Стеллаж 44,6464.71,65
QEW-001991,Дрель Pro-987,Инструменты,АО 'Торговый дом',945,0.1,2028-12-26,Ряд 11-Стеллаж 40,43264.09,1
GQJ-001992,Степлер Max-871,Канцтовары,Торговый дом 'Восточный',219,0.1,2029-09-25,Ряд 10-Стеллаж 5,5513.3,1
TSC-001993,Ключ A-707,Инструменты,ТД 'Универсал',192,0.5,2028-12-21,Ряд 2-Стеллаж 14,27653.21,13
PLY-001994,Отвертка B-29,Инструменты,ООО 'ОптТорг',308,2.0,2029-09-24,Ряд 16-Стеллаж 6,13045.53,56
YGN-001995,Шампунь A-201,Бытовая химия,Группа 'Мегаполис',331,0.1,2028-10-14,Ряд 6-Стеллаж 29,8490.75,1
AMU-001996,Духи Pro-387,Косметика,ТД 'Универсал',929,0.5,2030-07-12,Ряд 16-Стеллаж 28,5464.95,12
DPA-001997,Ключ Lite-866,Инструменты,ЗАО 'СкладСервис',494,1.0,2029-03-15,Ряд 4-Стеллаж 32,7406.72,16
NOR-001998,Куртка Pro-263,Одежда,ООО 'ОптТорг',399,2.0,2027-04-16,Ряд 8-Стеллаж 43,8133.67,32
PMC-001999,Картина A-989,Товары для дома,АО 'Торговый дом',410,0.1,2029-06-16,Ряд 20-Стеллаж 44,1070.64,1
OSM-002000,Планшет Lite-588,Электроника,Группа 'Мегаполис',305,0.1,2030-09-09,Ряд 2-Стеллаж 8,27637.95,3
